<NotepadPlus>
    <UserLang name="progress4glV2" ext="p w i" udlVersion="2.1">
        <Settings>
            <Global caseIgnored="yes" allowFoldOfComments="yes" foldCompact="no" forcePureLC="0" decimalSeparator="0" />
            <Prefix Keywords1="no" Keywords2="no" Keywords3="no" Keywords4="no" Keywords5="no" Keywords6="no" Keywords7="no" Keywords8="no" />
        </Settings>
        <KeywordLists>
            <Keywords name="Comments">00 01 02 03/* 04*/</Keywords>
            <Keywords name="Numbers, prefix1"></Keywords>
            <Keywords name="Numbers, prefix2"></Keywords>
            <Keywords name="Numbers, extras1"></Keywords>
            <Keywords name="Numbers, extras2"></Keywords>
            <Keywords name="Numbers, suffix1"></Keywords>
            <Keywords name="Numbers, suffix2"></Keywords>
            <Keywords name="Numbers, range"></Keywords>
            <Keywords name="Operators1">( ) , . : [ ] ^ { } +</Keywords>
            <Keywords name="Operators2"></Keywords>
            <Keywords name="Folders in code1, open"></Keywords>
            <Keywords name="Folders in code1, middle"></Keywords>
            <Keywords name="Folders in code1, close"></Keywords>
            <Keywords name="Folders in code2, open">CASE CLASS CONSTRUCTOR DESTRUCTOR DO EDITING FOR FUNCTION INTERFACE METHOD PROCE PROCED PROCEDU PROCEDUR PROCEDURE REPEAT TRIGGERS</Keywords>
            <Keywords name="Folders in code2, middle"></Keywords>
            <Keywords name="Folders in code2, close">END FORWARD FORWARDS</Keywords>
            <Keywords name="Folders in comment, open"></Keywords>
            <Keywords name="Folders in comment, middle"></Keywords>
            <Keywords name="Folders in comment, close"></Keywords>
            <Keywords name="Keywords1">&amp;BATCH &amp;BATCH-M &amp;BATCH-MO &amp;BATCH-MOD &amp;BATCH-MODE &amp;ELSE &amp;ELSEIF &amp;ENDIF &amp;FILE-NAME &amp;GLOBAL-DEFINE &amp;IF &amp;LINE-NUMBE &amp;LINE-NUMBER &amp;MESSAGE &amp;OPSYS &amp;SCOPED-DEFINE &amp;SEQUENCE &amp;THEN &amp;UNDEFINE &amp;WINDOW-SYS &amp;WINDOW-SYST &amp;WINDOW-SYSTE &amp;WINDOW-SYSTEM SESSION SUPER THIS-OBJECT</Keywords>
            <Keywords name="Keywords2">ABORT ADVISE ALIAS APPLICATION APPLY AS ASSIGN AUTOMATIC BACK BACKG BACKGR BACKGRO BACKGROU BACKGROUN BACKGROUND BELL BREAK BROWSE BUFFER BUFFER-COMPARE BUFFER-COPY BUTTON BUTTONS CALL CHOOSE CLEAR CLIENT-PRINCIPAL CLOSE COLON COMBO-BOX COMMAND COMPILE COMPLETE CONTEXT-HELP CONTEXT-HELP-FILE CONTROL CONTROL-FRAME COPY-LOB CREATE CURRENT CURRENT-LANG CURRENT-LANGU CURRENT-LANGUA CURRENT-LANGUAG CURRENT-LANGUAGE CURRENT-VALUE CURS CURSO CURSOR DATA-SOURCE DATABASE DATASET DDE DEF DEFAULT-BUTTON DEFAUT-B DEFAUT-BB DEFAUT-BBU DEFAUT-BBUT DEFAUT-BBUTT DEFAUT-BBUTTO DEFI DEFIN DEFINE DEL DELE DELET DELETE DIALOG-BOX DICT DICTI DICTIO DICTION DICTIONA DICTIONAR DICTIONARY DISABLE DISCON DISCONN DISCONNE DISCONNEC DISCONNECT DISP DISPL DISPLA DISPLAY DOWN DUMP DYNAMIC-CURRENT-VALUE EACH EDITOR EMPTY ENABLE ENDKEY EVENT EVENTS EXECUTE EXPORT FILL-IN FIX-CODEPAGE FORM FRAM FRAME FRAME-VAL FRAME-VALU FRAME-VALUE FROM-CUR FROM-CURR FROM-CURRE FROM-CURREN FROM-CURRENT GET GET-DIR GET-FILE GET-KEY-VAL GET-KEY-VALU GET-KEY-VALUE HEADER HIDE IMAGE IMPORT IN INITIATE INPUT INPUT-O INPUT-OU INPUT-OUT INPUT-OUTP INPUT-OUTPU INPUT-OUTPUT ITEM LEAVE LIKE LOAD LOAD-PICTURE MENU MENU-ITEM MESSAGE NAMESPACE-PREFIX NAMESPACE-URI NEW NEXT NEXT-PROMPT OBJECT OPEN OS-APPEND OS-COMMAND OS-COPY OS-CREATE-DIR OS-DELETE OTHERWISE OUTPUT OVERLAY PAGE PARAM PARAME PARAMET PARAMETE PARAMETER PAUSE PERSIST PERSISTE PERSISTEN PERSISTENT PRESEL PRESELE PRESELEC PRESELECT PREV PRINTER-SETUP PROC-HA PROC-HAN PROC-HAND PROC-HANDL PROC-HANDLE PROCESS PROMPT-F PROMPT-FO PROMPT-FOR PROMSGS PROPATH PROPERTY PUBLISH PUT PUT-BITS PUT-BYTE PUT-BYTES PUT-DOUBLE PUT-FLOAT PUT-INT64 PUT-KEY-VAL PUT-KEY-VALU PUT-KEY-VALUE PUT-LONG PUT-SHORT PUT-UNSIGNED-LONG PUT-UNSIGNED-SHORT QUERY QUERY-TUNING QUIT RADIO-BUTTONS RADIO-SET RAW RAW-TRANSFER READKEY RECT RECTA RECTAN RECTANG RECTANGL RECTANGLE RELEASE REPOSITION REQUEST RETRY RETURN RETURNS REVERT RUN RUN-PROCEDURE SAVE SAX-ATTRIBUTES SAX-READER SCREEN SCROLL SELECTION-LIST SEND SET SET-BYTE-ORDER SET-POINTER-VALUE SET-SIZE SHARED SHOW-STAT SHOW-STATS SKIP SLIDER SOAP-HEADER SOAP-HEADER-ENTRYREF SOCKET SPACE START STATUS STOP STORED-PROC STORED-PROCE STORED-PROCED STORED-PROCEDU STORED-PROCEDUR STORED-PROCEDURE STREAM SUB-M SUB-ME SUB-MEN SUB-MENU SUBSCRIBE SYSTEM-DIALOG SYSTEM-HELP TEMP-TABLE TERM TERMI TERMIN TERMINA TERMINAL TERMINATE TEXT THROUGH TOGGLE-BOX TOPIC TRANSACTION TRANSACTION-MODE TRIGGER TRUE UNDO UNIX UNLOAD UNSUBSCRIBE UP USE USING VAR VARI VARIA VARIAB VARIABL VARIABLE VIEW WAIT-FOR WHEN WHILE WIDGET-POOL WINDOW WITH WORK-TAB WORK-TABL WORK-TABLE WORKFILE X-DOCUMENT X-NODEREF</Keywords>
            <Keywords name="Keywords3">ACCUM ACCUMU ACCUMUL ACCUMULA ACCUMULAT ACCUMULATE ACTIVE-WINDOW ADD ALL ALTER AMBIG AMBIGU AMBIGUO AMBIGUOU AMBIGUOUS ANALYZ ANALYZE ANY ASC ASCE ASCEN ASCEND ASCENDI ASCENDIN ASCENDING ASYNCHRONOUS AT ATTR ATTR-S ATTR-SP ATTR-SPA ATTR-SPAC ATTR-SPACE AUDIT-CONTROL AUDIT-POLICY AUTHORIZATION AUTO-RET AUTO-RETU AUTO-RETUR AUTO-RETURN AVAIL AVAILA AVAILAB AVAILABL AVAILABLE BEFORE-H BEFORE-HI BEFORE-HID BEFORE-HIDE BEGINS BETWEEN BIG-ENDIAN BLANK BY CAN-DO CAN-FIND CASE-SEN CASE-SENS CASE-SENSI CASE-SENSIT CASE-SENSITI CASE-SENSITIV CASE-SENSITIVE CAST CENTER CENTERE CENTERED CHECK CHR CLIPBOARD CODEBASE-LOCATOR COLOR COLUMN-LAB COLUMN-LABE COLUMN-LABEL COLUMNS COMPILER CONNECTED COUNT-OF CURRENT-CHANGED CURRENT-WINDOW CURRENT_DATE DATA-REL DATA-RELA DATA-RELAT DATA-RELATI DATA-RELATIO DATA-RELATION DATASERVERS DATASET-HANDLE DBCODEPAGE DBCOLLATION DBNAME DBPARAM DBREST DBRESTR DBRESTRI DBRESTRIC DBRESTRICT DBRESTRICTI DBRESTRICTIO DBRESTRICTION DBRESTRICTIONS DBTASKID DBTYPE DBVERS DBVERSI DBVERSIO DBVERSION DEBLANK DEBUG-LIST DEBUGGER DECIMALS DECLARE DEFAULT DEFAULT-NOXL DEFAULT-NOXLA DEFAULT-NOXLAT DEFAULT-NOXLATE DEFAULT-WINDOW DELIMITER DESC DESCE DESCEN DESCEND DESCENDI DESCENDIN DESCENDING DISABLE-AUTO-ZAP DISTINCT DOS DROP DYNAMIC-FUNCTION ENCODE ENTRY ERROR-STAT ERROR-STATU ERROR-STATUS ESCAPE ETIME EVENT-PROCEDURE EXCEPT EXCLUSIVE EXCLUSIVE-L EXCLUSIVE-LO EXCLUSIVE-LOC EXISTS FALSE FETCH FIELD FIELDS FILE-INFO FILE-INFOR FILE-INFORM FILE-INFORMA FILE-INFORMAT FILE-INFORMATI FILE-INFORMATIO FILE-INFORMATION FILL FIND-CASE-SENSITIVE FIND-GLOBAL FIND-NEXT-OCCURRENCE FIND-PREV-OCCURRENCE FIND-SELECT FIND-WRAP-AROUND FIRST-OF FOCUS FONT FORM FRAME-COL FRAME-DB FRAME-DOWN FRAME-FIELD FRAME-FILE FRAME-INDE FRAME-INDEX FRAME-LINE FRAME-NAME FRAME-ROW FROM FROM-C FROM-CH FROM-CHA FROM-CHAR FROM-CHARS FROM-P FROM-PI FROM-PIX FROM-PIXE FROM-PIXEL FROM-PIXELS FUNCTION-CALL-TYPE GATEWAY GATEWAYS GET-ATTR-CALL-TYPE GET-BUFFER-HANDLE GET-BYTE GET-CODEPAGES GET-COLLATIONS GET-ERROR-COLUMN GET-ERROR-ROW GET-FILE-NAME GET-FILE-OFFSE GET-FILE-OFFSET GETBYTE GLOBAL GO-ON GO-PEND GO-PENDI GO-PENDIN GO-PENDING GRANT GRAPHIC-E GRAPHIC-ED GRAPHIC-EDG GRAPHIC-EDGE GROUP HAVING HELP HOST-BYTE-ORDER INDEX INDICATOR INSERT INTO IS IS-ATTR IS-ATTR-B IS-ATTR-BY IS-ATTR-BYT IS-ATTR-S IS-ATTR-SP IS-ATTR-SPA IS-ATTR-SPAC IS-ATTR-SPACE IS-LEAD-BYTE JOIN KBLABEL KEY-CODE KEY-FUNC KEY-FUNCT KEY-FUNCTI KEY-FUNCTIO KEY-FUNCTION KEY-LABEL KEYCODE KEYFUNC KEYFUNCT KEYFUNCTI KEYFUNCTIO KEYFUNCTION KEYLABEL KEYS KEYWORD LABEL LAST-EVEN LAST-EVENT LAST-KEY LAST-OF LASTKEY LDBNAME LIBRARY LINE-COUNT LINE-COUNTE LINE-COUNTER LISTI LISTIN LISTING LITTLE-ENDIAN LOCKED LOG-MANAGER LOOKUP MACHINE-CLASS MAP MEMBER MESSAGE-LINES MOUSE MPE NO NO-ATTR NO-ATTR-L NO-ATTR-LI NO-ATTR-LIS NO-ATTR-LIST NO-ATTR-S NO-ATTR-SP NO-ATTR-SPA NO-ATTR-SPAC NO-ATTR-SPACE NO-F NO-FI NO-FIL NO-FILL NO-FOCUS NO-HIDE NO-LABEL NO-LABELS NO-LOBS NO-MAP NO-MES NO-MESS NO-MESSA NO-MESSAG NO-MESSAGE NO-PAUSE NO-PREFE NO-PREFET NO-PREFETC NO-PREFETCH NO-UNDO NO-VAL NO-VALI NO-VALID NO-VALIDA NO-VALIDAT NO-VALIDATE NO-WAIT NOW NULL NUM-ALI NUM-ALIA NUM-ALIAS NUM-ALIASE NUM-ALIASES NUM-DBS NUM-ENTRIES OF OFF OLD OPSYS OPTION OR OS-DIR OS-RENAME PAGE-BOT PAGE-BOTT PAGE-BOTTO PAGE-BOTTOM PAGE-NUM PAGE-NUMB PAGE-NUMBE PAGE-NUMBER PAGE-TOP PASSWORD-FIELD PDBNAME PIXELS PREPROC PREPROCE PREPROCES PREPROCESS PRIVILEGES PROC-ST PROC-STA PROC-STAT PROC-STATU PROC-STATUS PROCEDURE-CALL-TYPE PROFILER PROGRAM-NAME PROGRESS PROVERS PROVERSI PROVERSIO PROVERSION PUTBYTE QUERY-CLOSE QUERY-OFF-END R-INDEX RCODE-INFO RCODE-INFOR RCODE-INFORM RCODE-INFORMA RCODE-INFORMAT RCODE-INFORMATI RCODE-INFORMATIO RCODE-INFORMATION READ-AVAILABLE READ-EXACT-NUM RECID REPOSITION-BACKWARD REPOSITION-FORWARD REPOSITION-TO-ROW REPOSITION-TO-ROWID RETAIN REVOKE ROWID SAX-COMPLE SAX-COMPLET SAX-COMPLETE SAX-PARSER-ERROR SAX-RUNNING SAX-UNINITIALIZED SAX-WRITE-BEGIN SAX-WRITE-COMPLETE SAX-WRITE-CONTENT SAX-WRITE-ELEMENT SAX-WRITE-ERROR SAX-WRITE-IDLE SAX-WRITE-TAG SCHEMA SCREEN-IO SCREEN-LINES SDBNAME SEARCH SEARCH-SELF SEARCH-TARGER SECURITY-POLICY SEEK SELECT SELF SET-ATTR-CALL-TYPE SETUSER SETUSERI SETUSERID SHARE SHARE-L SHARE-LO SHARE-LOC SKIP-DELETED-RECORD SOME STREAM-IO TABLE TABLE-NUMBER TEXT-CURSOR THIS-PROCEDURE TIME TITLE TO TO-ROWID TOP-ONLY TRANS TRIM UNDERL UNDERLI UNDERLIN UNDERLINE UNFORM UNFORMA UNFORMAT UNFORMATT UNFORMATTE UNFORMATTED UNION UNIQUE USERID V6FRAME VALUE VALUE-CHANGED VALUES VIEW-AS WINDOW-MAXIM WINDOW-MAXIMI WINDOW-MAXIMIZ WINDOW-MAXIMIZE WINDOW-MAXIMIZED WINDOW-MINIM WINDOW-MINIMI WINDOW-MINIMIZ WINDOW-MINIMIZE WINDOW-MINIMIZED WINDOW-NORMAL WRITE XCODE XREF XREF-XML YES</Keywords>
            <Keywords name="Keywords4">ABS ABSO ABSOL ABSOLU ABSOLUT ABSOLUTE ACCELERATOR ADD-BUFFER ADD-CALC-COLUMN ADD-COLUMNS-FROM ADD-EVENTS-PROCEDURE ADD-FIELDS-FROM ADD-FIRST ADD-INDEX-FIELD ADD-INTERVAL ADD-LAST ADD-LIKE-COLUMN ADD-LIKE-FIELD ADD-LIKE-INDEX ADD-NEW-FIELD ADD-NEW-INDEX ADD-SCHEMA-LOCATION ADD-SUPER-PROCEDURE ADM-DATA ALERT-BOX ALLOW-COLUMN-SEARCHING ALLOW-REPLICATION ALTERNATE-KEY ALWAYS-ON-TOP ANSI-ONLY ANYWHERE APPEND APPL-ALERT APPL-ALERT-B APPL-ALERT-BO APPL-ALERT-BOX APPL-ALERT-BOXE APPL-ALERT-BOXES APPL-CONTEXT-ID APPSERVER-INFO APPSERVER-PASSWORD APPSERVER-USERID ARRAY-MESSAGE ASK-OVERWRITE ASYNC-REQUEST-COUNT ASYNC-REQUEST-HANDLE ATTACHED-PAIRLIST AUDIT-ENABLED AUDIT-EVENT-CONTEXT AUTHENTICATION-FAILED AUTO-COMP AUTO-COMPL AUTO-COMPLE AUTO-COMPLET AUTO-COMPLETI AUTO-COMPLETIO AUTO-COMPLETION AUTO-END-KEY AUTO-ENDKEY AUTO-GO AUTO-IND AUTO-INDE AUTO-INDEN AUTO-INDENT AUTO-RESIZE AUTO-SYNCHRONIZE AUTO-Z AUTO-ZA AUTO-ZAP AVAILABLE-FORMATS AVE AVER AVERA AVERAG AVERAGE AVG BACKWARD BACKWARDS BASE-ADE BASE-KEY BASE64-DECODE BASE64-ENCODE BATCH BATCH-M BATCH-MO BATCH-MOD BATCH-MODE BATCH-SIZE BEFORE-TABLE BEGIN-EVENT-GROUP BGC BGCO BGCOL BGCOLO BGCOLOR BINARY BIND BIND-WHERE BLOB BLOCK-ITERATION-DISPLAY BORDER-B BORDER-BO BORDER-BOT BORDER-BOTT BORDER-BOTTO BORDER-BOTTOM BORDER-BOTTOM-C BORDER-BOTTOM-CH BORDER-BOTTOM-CHA BORDER-BOTTOM-CHAR BORDER-BOTTOM-CHARS BORDER-BOTTOM-P BORDER-BOTTOM-PI BORDER-BOTTOM-PIX BORDER-BOTTOM-PIXE BORDER-BOTTOM-PIXEL BORDER-BOTTOM-PIXELS BORDER-L BORDER-LE BORDER-LEF BORDER-LEFT BORDER-LEFT-C BORDER-LEFT-CH BORDER-LEFT-CHA BORDER-LEFT-CHAR BORDER-LEFT-CHARS BORDER-LEFT-P BORDER-LEFT-PI BORDER-LEFT-PIX BORDER-LEFT-PIXE BORDER-LEFT-PIXEL BORDER-LEFT-PIXELS BORDER-R BORDER-RI BORDER-RIG BORDER-RIGH BORDER-RIGHT BORDER-RIGHT-C BORDER-RIGHT-CH BORDER-RIGHT-CHA BORDER-RIGHT-CHAR BORDER-RIGHT-CHARS BORDER-RIGHT-P BORDER-RIGHT-PI BORDER-RIGHT-PIX BORDER-RIGHT-PIXE BORDER-RIGHT-PIXEL BORDER-RIGHT-PIXELS BORDER-T BORDER-TO BORDER-TOP BORDER-TOP-C BORDER-TOP-CH BORDER-TOP-CHA BORDER-TOP-CHAR BORDER-TOP-CHARS BORDER-TOP-P BORDER-TOP-PI BORDER-TOP-PIX BORDER-TOP-PIXE BORDER-TOP-PIXEL BORDER-TOP-PIXELS BOTH BOTTOM BOX BOX-SELECT BOX-SELECTA BOX-SELECTAB BOX-SELECTABL BOX-SELECTABLE BUFFER-CHARS BUFFER-CREATE BUFFER-DELETE BUFFER-FIELD BUFFER-HANDLE BUFFER-LINES BUFFER-NAME BUFFER-RELEASE BUFFER-VALUE BY-POINTER BY-VALUE BY-VARIANT-POINTER CACHE CACHE-SIZE CALL-NAME CALL-TYPE CAN-CREATE CAN-DELETE CAN-QUERY CAN-READ CAN-SET CAN-WRITE CANCEL-BREAK CANCEL-BUTTON CAPS CAREFUL-PAINT CDECL CHAINED CHAR CHARA CHARAC CHARACT CHARACTE CHARACTER CHARACTER_LENGTH CHARSET CHECKED CLASS-TYPE CLEAR-APPL-CONTEXT CLEAR-LOG CLEAR-SELECT CLEAR-SELECTI CLEAR-SELECTIO CLEAR-SELECTION CLEAR-SORT-ARROW CLEAR-SORT-ARROWS CLIENT-CONNECTION-ID CLIENT-TTY CLIENT-TYPE CLIENT-WORKSTATION CLOSE-LOG CODE CODEPAGE CODEPAGE-CONVERT COL COL-OF COLLATE COLON-ALIGN COLON-ALIGNE COLON-ALIGNED COLOR-TABLE COLU COLUM COLUMN COLUMN-BGCOLOR COLUMN-DCOLOR COLUMN-FGCOLOR COLUMN-FONT COLUMN-MOVABLE COLUMN-OF COLUMN-PFCOLOR COLUMN-READ-ONLY COLUMN-RESIZABLE COLUMN-SCROLLING COM-HANDLE COM-SELF COMPARES CONFIG-NAME CONNECT CONTAINS CONTENTS CONTEXT CONTEXT-HELP-ID CONTEXT-POPUP CONTROL-BOX CONVERT CONVERT-3D-COLORS CONVERT-TO-OFFS CONVERT-TO-OFFSE CONVERT-TO-OFFSET COPY-DATASET COPY-SAX-ATTRIBUTES COPY-TEMP-TABLE COUNT CPCASE CPCOLL CPINTERNAL CPLOG CPPRINT CPRCODEIN CPRCODEOUT CPSTREAM CPTERM CRC-VALUE CREATE-LIKE CREATE-NODE-NAMESPACE CREATE-RESULT-LIST-ENTRY CREATE-TEST-FILE CURRENT-COLUMN CURRENT-ENV CURRENT-ENVI CURRENT-ENVIR CURRENT-ENVIRO CURRENT-ENVIRON CURRENT-ENVIRONM CURRENT-ENVIRONME CURRENT-ENVIRONMEN CURRENT-ENVIRONMENT CURRENT-ITERATION CURRENT-RESULT-ROW CURRENT-ROW-MODIFIED CURRENT_DATE CURSOR-CHAR CURSOR-LINE CURSOR-OFFSET DATA-BIND DATA-ENTRY-RET DATA-ENTRY-RETU DATA-ENTRY-RETUR DATA-ENTRY-RETURN DATA-SOURCE-COMPLETE-MAP DATA-SOURCE-MODIFIED DATA-T DATA-TY DATA-TYP DATA-TYPE DATE DATE-F DATE-FO DATE-FOR DATE-FORM DATE-FORMA DATE-FORMAT DATETIME DATETIME-TZ DAY DB-REFERENCES DCOLOR DDE-ERROR DDE-I DDE-ID DDE-ITEM DDE-NAME DDE-TOPIC DEBU DEBUG DEBUG-ALERT DEC DECI DECIM DECIMA DECIMAL DECLARE-NAMESPACE DECRYPT DEFAULT-BUFFER-HANDLE DEFAULT-COMMIT DEFAULT-EX DEFAULT-EXT DEFAULT-EXTE DEFAULT-EXTEN DEFAULT-EXTENS DEFAULT-EXTENSI DEFAULT-EXTENSIO DEFAULT-EXTENSION DEFINE-USER-EVENT-MANAGER DEFINED DELETE-CHAR DELETE-CHARA DELETE-CHARAC DELETE-CHARACT DELETE-CHARACTE DELETE-CHARACTER DELETE-CURRENT-ROW DELETE-LINE DELETE-RESULT-LIST-ENTRY DELETE-SELECTED-ROW DELETE-SELECTED-ROWS DELETEPROCEDURE DESELECT-FOCUSED-ROW DESELECT-ROWS DESELECT-SELECTED-ROW DESELECTION DIR DISABLE-DUMP-TRIGGERS DISABLE-LOAD-TRIGGERS DISABLED DISPLAY-MESSAGE DISPLAY-T DISPLAY-TY DISPLAY-TYP DISPLAY-TYPE DOMAIN-DESCRIPTION DOMAIN-NAME DOMAIN-TYPE DOUBLE DRAG-ENABLED DROP-DOWN DROP-DOWN-LIST DROP-FILE-NOTIFY DROP-TARGET DYNAMIC DYNAMIC-NEXT-VALUE ECHO EDGE EDGE-C EDGE-CH EDGE-CHA EDGE-CHAR EDGE-CHARS EDGE-P EDGE-PI EDGE-PIX EDGE-PIXE EDGE-PIXEL EDGE-PIXELS EDIT-CAN-PASTE EDIT-CAN-UNDO EDIT-CLEAR EDIT-COPY EDIT-CUT EDIT-PASTE EDIT-UNDO EMPTY-TEMP-TABLE ENABLED-FIELDS ENCRYPT ENCRYPT-AUDIT-MAC-KEY ENCRYPTION-SALT END-DOCUMENT END-ELEMENT END-EVENT-GROUP END-FILE-DROP END-KEY END-MOVE END-RESIZE END-ROW-RESIZE END-USER-PROMPT ENTERED EQ ERROR ERROR-COL ERROR-COLU ERROR-COLUM ERROR-COLUMN ERROR-ROW EVENT-GROUP-ID EVENT-PROCEDURE-CONTEXT EVENT-T EVENT-TY EVENT-TYP EVENT-TYPE EXCLUSIVE-ID EXCLUSIVE-WEB-USER EXP EXPAND EXPANDABLE EXPLICIT EXPORT-PRINCIPAL EXTENDED EXTENT EXTERNAL FETCH-SELECTED-ROW FGC FGCO FGCOL FGCOLO FGCOLOR FILE FILE-CREATE-DATE FILE-CREATE-TIME FILE-MOD-DATE FILE-MOD-TIME FILE-NAME FILE-OFF FILE-OFFS FILE-OFFSE FILE-OFFSET FILE-SIZE FILE-TYPE FILENAME FILLED FILTERS FINAL FIND-BY-ROWID FIND-CURRENT FIND-FIRST FIND-LAST FIND-UNIQUE FINDER FIRST-ASYNCH-REQUEST FIRST-CHILD FIRST-COLUMN FIRST-OBJECT FIRST-PROC FIRST-PROCE FIRST-PROCED FIRST-PROCEDU FIRST-PROCEDUR FIRST-PROCEDURE FIRST-SERVER FIRST-TAB-I FIRST-TAB-IT FIRST-TAB-ITE FIRST-TAB-ITEM FIT-LAST-COLUMN FIXED-ONLY FLAT-BUTTON FLOAT FOCUSED-ROW FOCUSED-ROW-SELECTED FONT-TABLE FORCE-FILE FORE FOREG FOREGR FOREGRO FOREGROU FOREGROUN FOREGROUND FORM-LONG-INPUT FORMA FORMAT FORMATTE FORMATTED FORMINPUT FRAGMEN FRAGMENT FRAME-SPA FRAME-SPAC FRAME-SPACI FRAME-SPACIN FRAME-SPACING FRAME-X FRAME-Y FREQUENCY FULL-HEIGHT FULL-HEIGHT-C FULL-HEIGHT-CH FULL-HEIGHT-CHA FULL-HEIGHT-CHAR FULL-HEIGHT-CHARS FULL-HEIGHT-P FULL-HEIGHT-PI FULL-HEIGHT-PIX FULL-HEIGHT-PIXE FULL-HEIGHT-PIXEL FULL-HEIGHT-PIXELS FULL-PATHN FULL-PATHNA FULL-PATHNAM FULL-PATHNAME FULL-WIDTH FULL-WIDTH-C FULL-WIDTH-CH FULL-WIDTH-CHA FULL-WIDTH-CHAR FULL-WIDTH-CHARS FULL-WIDTH-P FULL-WIDTH-PI FULL-WIDTH-PIX FULL-WIDTH-PIXE FULL-WIDTH-PIXEL FULL-WIDTH-PIXELS GE GENERATE-MD5 GENERATE-PBE-KEY GENERATE-PBE-SALT GENERATE-RANDOM-KEY GENERATE-UUID GET-ATTRIBUTE-NODE GET-BINARY-DATA GET-BITS GET-BLUE GET-BLUE-V GET-BLUE-VA GET-BLUE-VAL GET-BLUE-VALU GET-BLUE-VALUE GET-BROWSE-COLUMN GET-CALLBACK-PROC-CONTEXT GET-CALLBACK-PROC-NAME GET-CGI-LIST GET-CGI-LONG-VALUE GET-CGI-VALUE GET-CODEPAGE GET-COLLATION GET-CONFIG-VALUE GET-CURRENT GET-DOUBLE GET-DROPPED-FILE GET-DYNAMIC GET-FIRST GET-FLOAT GET-GREEN GET-GREEN-V GET-GREEN-VA GET-GREEN-VAL GET-GREEN-VALU GET-GREEN-VALUE GET-INDEX-BY-NAMESPACE-NAME GET-INDEX-BY-QNAME GET-INT64 GET-ITERATION GET-LAST GET-LOCALNAME-BY-INDEX GET-LONG GET-MESSAGE GET-NEXT GET-NUMBER GET-POINTER-VALUE GET-PREV GET-PRINTERS GET-PROPERTY GET-QNAME-BY-INDEX GET-RED GET-RED-V GET-RED-VA GET-RED-VAL GET-RED-VALU GET-RED-VALUE GET-REPOSITIONED-ROW GET-RGB-VALUE GET-SELECTED GET-SELECTED-W GET-SELECTED-WI GET-SELECTED-WID GET-SELECTED-WIDG GET-SELECTED-WIDGE GET-SELECTED-WIDGET GET-SHORT GET-SIGNATURE GET-SIZE GET-STRING GET-TAB-ITEM GET-TEXT-HEIGHT GET-TEXT-HEIGHT-C GET-TEXT-HEIGHT-CH GET-TEXT-HEIGHT-CHA GET-TEXT-HEIGHT-CHAR GET-TEXT-HEIGHT-CHARS GET-TEXT-HEIGHT-P GET-TEXT-HEIGHT-PI GET-TEXT-HEIGHT-PIX GET-TEXT-HEIGHT-PIXE GET-TEXT-HEIGHT-PIXEL GET-TEXT-HEIGHT-PIXELS GET-TEXT-WIDTH GET-TEXT-WIDTH-C GET-TEXT-WIDTH-CH GET-TEXT-WIDTH-CHA GET-TEXT-WIDTH-CHAR GET-TEXT-WIDTH-CHARS GET-TEXT-WIDTH-P GET-TEXT-WIDTH-PI GET-TEXT-WIDTH-PIX GET-TEXT-WIDTH-PIXE GET-TEXT-WIDTH-PIXEL GET-TEXT-WIDTH-PIXELS GET-TYPE-BY-INDEX GET-TYPE-BY-NAMESPACE-NAME GET-TYPE-BY-QNAME GET-UNSIGNED-LONG GET-UNSIGNED-SHORT GET-URI-BY-INDEX GET-VALUE-BY-INDEX GET-VALUE-BY-NAMESPACE-NAME GET-VALUE-BY-QNAME GET-WAIT-STATE GRID-FACTOR-H GRID-FACTOR-HO GRID-FACTOR-HOR GRID-FACTOR-HORI GRID-FACTOR-HORIZ GRID-FACTOR-HORIZO GRID-FACTOR-HORIZON GRID-FACTOR-HORIZONT GRID-FACTOR-HORIZONTA GRID-FACTOR-HORIZONTAL GRID-FACTOR-V GRID-FACTOR-VE GRID-FACTOR-VER GRID-FACTOR-VERT GRID-FACTOR-VERTI GRID-FACTOR-VERTIC GRID-FACTOR-VERTICA GRID-FACTOR-VERTICAL GRID-SNAP GRID-UNIT-HEIGHT GRID-UNIT-HEIGHT-C GRID-UNIT-HEIGHT-CH GRID-UNIT-HEIGHT-CHA GRID-UNIT-HEIGHT-CHAR GRID-UNIT-HEIGHT-CHARS GRID-UNIT-HEIGHT-P GRID-UNIT-HEIGHT-PI GRID-UNIT-HEIGHT-PIX GRID-UNIT-HEIGHT-PIXE GRID-UNIT-HEIGHT-PIXEL GRID-UNIT-HEIGHT-PIXELS GRID-UNIT-WIDTH GRID-UNIT-WIDTH-C GRID-UNIT-WIDTH-CH GRID-UNIT-WIDTH-CHA GRID-UNIT-WIDTH-CHAR GRID-UNIT-WIDTH-CHARS GRID-UNIT-WIDTH-P GRID-UNIT-WIDTH-PI GRID-UNIT-WIDTH-PIX GRID-UNIT-WIDTH-PIXE GRID-UNIT-WIDTH-PIXEL GRID-UNIT-WIDTH-PIXELS GRID-VISIBLE GROUP-BOX GT GUID HANDLE HANDLER HAS-RECORDS HEIGHT HEIGHT-C HEIGHT-CH HEIGHT-CHA HEIGHT-CHAR HEIGHT-CHARS HEIGHT-P HEIGHT-PH HEIGHT-PHT HEIGHT-PHT-P HEIGHT-PHT-PI HEIGHT-PHT-PIX HEIGHT-PHT-PIXE HEIGHT-PHT-PIXEL HEIGHT-PI HEIGHT-PIX HEIGHT-PIXE HEIGHT-PIXEL HEIGHT-PIXELS HEIGHTI HEIGHTIG HEIGHTIGH HEIGHTIGHT HEIGHTIGHT-C HEIGHTIGHT-CH HEIGHTIGHT-CHA HEIGHTIGHT-CHAR HELP-TOPIC HEX-DECODE HEX-ENCODE HIDDEN HORI HORIZ HORIZO HORIZON HORIZONT HORIZONTA HORIZONTAL HTML-CHARSET HTML-END-OF-LINE HTML-END-OF-PAGE HTML-FRAME-BEGIN HTML-FRAME-END HTML-HEADER-BEGIN HTML-HEADER-END HTML-TITLE-BEGIN HTML-TITLE-END HWND ICON IMAGE-DOWN IMAGE-INSENSITIVE IMAGE-SIZE IMAGE-SIZE-C IMAGE-SIZE-CH IMAGE-SIZE-CHA IMAGE-SIZE-CHAR IMAGE-SIZE-CHARS IMAGE-SIZE-P IMAGE-SIZE-PI IMAGE-SIZE-PIX IMAGE-SIZE-PIXE IMAGE-SIZE-PIXEL IMAGE-SIZE-PIXELS IMAGE-UP IMMEDIATE-DISPLAY IMPLEMENTS IMPORT-PRINCIPAL IN-HANDLE INCREMENT-EXCLUSIVE-ID INDEX-HINT INDEX-INFORMATION INDEXED-REPOSITION INFO INFOR INFORM INFORMA INFORMAT INFORMATI INFORMATIO INFORMATION INHERIT-BGC INHERIT-BGCO INHERIT-BGCOL INHERIT-BGCOLO INHERIT-BGCOLOR INHERIT-FGC INHERIT-FGCO INHERIT-FGCOL INHERIT-FGCOLO INHERIT-FGCOLOR INHERITS INIT INITI INITIA INITIAL INITIAL-DIR INITIAL-FILTER INITIALIZE-DOCUMENT-TYPE INNER-CHARS INNER-LINES INPUT-VALUE INSERT-ATTRIBUTE INSERT-B INSERT-BA INSERT-BAC INSERT-BACK INSERT-BACKT INSERT-BACKTA INSERT-BACKTAB INSERT-FILE INSERT-ROW INSERT-STRING INSERT-T INSERT-TA INSERT-TAB INT INT64 INTE INTEG INTEGE INTEGER INTERNAL-ENTRIES INTERVAL INVOKE IS-CLAS IS-CLASS IS-CODEPAGE-FIXED IS-COLUMN-CODEPAGE IS-OPEN IS-PARAMETER-SET IS-ROW-SELECTED IS-SELECTED ITEMS-PER-ROW JOIN-BY-SQLDB KEEP-CONNECTION-OPEN KEEP-FRAME-Z KEEP-FRAME-Z-O KEEP-FRAME-Z-OR KEEP-FRAME-Z-ORD KEEP-FRAME-Z-ORDE KEEP-FRAME-Z-ORDER KEEP-MESSAGES KEEP-SECURITY-CACHE KEEP-TAB-ORDER KEY KEYWORD-ALL LABEL-BGC LABEL-BGCO LABEL-BGCOL LABEL-BGCOLO LABEL-BGCOLOR LABEL-DC LABEL-DCO LABEL-DCOL LABEL-DCOLO LABEL-DCOLOR LABEL-FGC LABEL-FGCO LABEL-FGCOL LABEL-FGCOLO LABEL-FGCOLOR LABEL-FONT LABEL-PFC LABEL-PFCO LABEL-PFCOL LABEL-PFCOLO LABEL-PFCOLOR LABELS LANDSCAPE LANGUAGE LANGUAGES LARGE LARGE-TO-SMALL LAST-ASYNCH-REQUEST LAST-BATCH LAST-CHILD LAST-OBJECT LAST-PROCE LAST-PROCED LAST-PROCEDU LAST-PROCEDUR LAST-PROCEDURE LAST-SERVER LAST-TAB-I LAST-TAB-IT LAST-TAB-ITE LAST-TAB-ITEM LC LE LEFT LEFT-ALIGN LEFT-ALIGNE LEFT-ALIGNED LEFT-TRIM LENGTH LINE LIST-EVENTS LIST-ITEM-PAIRS LIST-ITEMS LIST-PROPERTY-NAMES LIST-QUERY-ATTRS LIST-SET-ATTRS LIST-WIDGETS LITERAL-QUESTION LOAD-DOMAINS LOAD-ICON LOAD-IMAGE LOAD-IMAGE-DOWN LOAD-IMAGE-INSENSITIVE LOAD-IMAGE-UP LOAD-MOUSE-P LOAD-MOUSE-PO LOAD-MOUSE-POI LOAD-MOUSE-POIN LOAD-MOUSE-POINT LOAD-MOUSE-POINTE LOAD-MOUSE-POINTER LOAD-SMALL-ICON LOB-DIR LOCAL-NAME LOCATOR-COLUMN-NUMBER LOCATOR-LINE-NUMBER LOCATOR-PUBLIC-ID LOCATOR-SYSTEM-ID LOCATOR-TYPE LOCK-REGISTRATION LOG LOG-AUDIT-EVENT LOGICAL LOGIN-EXPIRATION-TIMESTAMP LOGIN-HOST LOGIN-STATE LOGOUT LONGCHAR LOOKAHEAD LT MANDATORY MANUAL-HIGHLIGHT MARGIN-EXTRA MARGIN-HEIGHT MARGIN-HEIGHT-C MARGIN-HEIGHT-CH MARGIN-HEIGHT-CHA MARGIN-HEIGHT-CHAR MARGIN-HEIGHT-CHARS MARGIN-HEIGHT-P MARGIN-HEIGHT-PI MARGIN-HEIGHT-PIX MARGIN-HEIGHT-PIXE MARGIN-HEIGHT-PIXEL MARGIN-HEIGHT-PIXELS MARGIN-WIDTH MARGIN-WIDTH-C MARGIN-WIDTH-CH MARGIN-WIDTH-CHA MARGIN-WIDTH-CHAR MARGIN-WIDTH-CHARS MARGIN-WIDTH-P MARGIN-WIDTH-PI MARGIN-WIDTH-PIX MARGIN-WIDTH-PIXE MARGIN-WIDTH-PIXEL MARGIN-WIDTH-PIXELS MATCHES MAX MAX-BUTTON MAX-CHARS MAX-DATA-GUESS MAX-HEIGHT MAX-HEIGHT-C MAX-HEIGHT-CH MAX-HEIGHT-CHA MAX-HEIGHT-CHAR MAX-HEIGHT-CHARS MAX-HEIGHT-P MAX-HEIGHT-PI MAX-HEIGHT-PIX MAX-HEIGHT-PIXE MAX-HEIGHT-PIXEL MAX-HEIGHT-PIXELS MAX-ROWS MAX-SIZE MAX-VAL MAX-VALU MAX-VALUE MAX-WIDTH MAX-WIDTH-C MAX-WIDTH-CH MAX-WIDTH-CHA MAX-WIDTH-CHAR MAX-WIDTH-CHARS MAX-WIDTH-P MAX-WIDTH-PI MAX-WIDTH-PIX MAX-WIDTH-PIXE MAX-WIDTH-PIXEL MAX-WIDTH-PIXELS MAXI MAXIM MAXIMIZE MAXIMU MAXIMUM MD5-DIGEST MEMPTR MEMPTR-TO-NODE-VALUE MENU-BAR MENU-K MENU-KE MENU-KEY MENU-M MENU-MO MENU-MOU MENU-MOUS MENU-MOUSE MENUBAR MERGE-BY-FIELD MESSAGE-AREA MESSAGE-AREA-FONT MESSAGES MIN MIN-BUTTON MIN-COLUMN-WIDTH-C MIN-COLUMN-WIDTH-CH MIN-COLUMN-WIDTH-CHA MIN-COLUMN-WIDTH-CHAR MIN-COLUMN-WIDTH-CHARS MIN-COLUMN-WIDTH-P MIN-COLUMN-WIDTH-PI MIN-COLUMN-WIDTH-PIX MIN-COLUMN-WIDTH-PIXE MIN-COLUMN-WIDTH-PIXEL MIN-COLUMN-WIDTH-PIXELS MIN-HEIGHT MIN-HEIGHT-C MIN-HEIGHT-CH MIN-HEIGHT-CHA MIN-HEIGHT-CHAR MIN-HEIGHT-CHARS MIN-HEIGHT-P MIN-HEIGHT-PI MIN-HEIGHT-PIX MIN-HEIGHT-PIXE MIN-HEIGHT-PIXEL MIN-HEIGHT-PIXELS MIN-SIZE MIN-VAL MIN-VALU MIN-VALUE MIN-WIDTH MIN-WIDTH-C MIN-WIDTH-CH MIN-WIDTH-CHA MIN-WIDTH-CHAR MIN-WIDTH-CHARS MIN-WIDTH-P MIN-WIDTH-PI MIN-WIDTH-PIX MIN-WIDTH-PIXE MIN-WIDTH-PIXEL MIN-WIDTH-PIXELS MINI MINIM MINIMU MINIMUM MOD MODIFIED MODU MODUL MODULO MONTH MOUSE-P MOUSE-PO MOUSE-POI MOUSE-POIN MOUSE-POINT MOUSE-POINTE MOUSE-POINTER MOVABLE MOVE-AFTER MOVE-AFTER-T MOVE-AFTER-TA MOVE-AFTER-TAB MOVE-AFTER-TAB-I MOVE-AFTER-TAB-IT MOVE-AFTER-TAB-ITE MOVE-AFTER-TAB-ITEM MOVE-BEFOR MOVE-BEFORE MOVE-BEFORE-T MOVE-BEFORE-TA MOVE-BEFORE-TAB MOVE-BEFORE-TAB-I MOVE-BEFORE-TAB-IT MOVE-BEFORE-TAB-ITE MOVE-BEFORE-TAB-ITEM MOVE-COL MOVE-COLU MOVE-COLUM MOVE-COLUMN MOVE-TO-B MOVE-TO-BO MOVE-TO-BOT MOVE-TO-BOTT MOVE-TO-BOTTO MOVE-TO-BOTTOM MOVE-TO-EOF MOVE-TO-T MOVE-TO-TO MOVE-TO-TOP MTIME MULTI-COMPILE MULTIPLE MULTIPLE-KEY MULTITASKING-INTERVAL MUST-EXIST NAME NATIVE NE NEEDS-APPSERVER-PROMPT NEEDS-PROMPT NEW-INSTANCE NEW-ROW NEXT-COLUMN NEXT-ROWID NEXT-SIBLING NEXT-TAB-I NEXT-TAB-IT NEXT-TAB-ITE NEXT-TAB-ITEM NEXT-VALUE NO-APPLY NO-ARRAY-MESSAGE NO-ASSIGN NO-AUTO-VALIDATE NO-BIND-WHERE NO-BOX NO-CONSOLE NO-CONVERT NO-CONVERT-3D-COLORS NO-CURRENT-VALUE NO-DEBUG NO-DRAG NO-ECHO NO-EMPTY-SPACE NO-HELP NO-INDEX-HINT NO-INHERIT-BGC NO-INHERIT-BGCO NO-INHERIT-BGCOL NO-INHERIT-BGCOLO NO-INHERIT-BGCOLOR NO-INHERIT-FGC NO-INHERIT-FGCO NO-INHERIT-FGCOL NO-INHERIT-FGCOLO NO-INHERIT-FGCOLOR NO-JOIN-BY-SQLDB NO-LOOKAHEAD NO-ROW-MARKERS NO-SCROLLBAR-VERTICAL NO-SEPARATE-CONNECTION NO-SEPARATORS NO-TAB-STOP NO-UND NO-UNDE NO-UNDER NO-UNDERL NO-UNDERLI NO-UNDERLIN NO-UNDERLINE NO-WORD-WRAP NODE-VALUE-TO-MEMPTR NONAMESPACE-SCHEMA-LOCATION NONE NORMAL NORMALIZE NUM-BUFFERS NUM-BUT NUM-BUTT NUM-BUTTO NUM-BUTTON NUM-BUTTONS NUM-COL NUM-COLU NUM-COLUM NUM-COLUMN NUM-COLUMNS NUM-COPIES NUM-DROPPED-FILES NUM-FIELDS NUM-FORMATS NUM-ITEMS NUM-ITERATIONS NUM-LINES NUM-LOCKED-COL NUM-LOCKED-COLU NUM-LOCKED-COLUM NUM-LOCKED-COLUMN NUM-LOCKED-COLUMNS NUM-MESSAGES NUM-PARAMETERS NUM-REFERENCES NUM-REPLACED NUM-RESULTS NUM-SELECTED NUM-SELECTED-ROWS NUM-SELECTED-W NUM-SELECTED-WI NUM-SELECTED-WID NUM-SELECTED-WIDG NUM-SELECTED-WIDGE NUM-SELECTED-WIDGET NUM-SELECTED-WIDGETS NUM-TABS NUM-TO-RETAIN NUM-VISIBLE-COLUMNS NUMERIC NUMERIC-F NUMERIC-FO NUMERIC-FOR NUMERIC-FORM NUMERIC-FORMA NUMERIC-FORMAT OCTET-LENGTH OK OK-CANCEL ON-FRAME ON-FRAME-B ON-FRAME-BO ON-FRAME-BOR ON-FRAME-BORD ON-FRAME-BORDE ON-FRAME-BORDER ORDERED-JOIN ORDINAL OS-DRIVE OS-DRIVES OS-ERROR OS-GETENV OUTER-JOIN OVERRIDE OWNER PAGE-SIZE PAGE-WID PAGE-WIDT PAGE-WIDTH PAGED PARENT PARSE-STATUS PARTIAL-KEY PASCAL PATHNAME PBE-HASH-ALG PBE-HASH-ALGO PBE-HASH-ALGOR PBE-HASH-ALGORI PBE-HASH-ALGORIT PBE-HASH-ALGORITH PBE-HASH-ALGORITHM PBE-KEY-ROUNDS PERSISTENT-CACHE-DISABLED PFC PFCO PFCOL PFCOLO PFCOLOR PIXELS-PER-COL PIXELS-PER-COLU PIXELS-PER-COLUM PIXELS-PER-COLUMN PIXELS-PER-ROW POPUP-M POPUP-ME POPUP-MEN POPUP-MENU POPUP-O POPUP-ON POPUP-ONL POPUP-ONLY PORTRAIT POSITION PRECISION PREFER-DATASET PREPARE-STRING PREPARED PREV-COLUMN PREV-SIBLING PREV-TAB-I PREV-TAB-IT PREV-TAB-ITE PREV-TAB-ITEM PRIMARY PRINTER PRINTER-CONTROL-HANDLE PRINTER-HDC PRINTER-NAME PRINTER-PORT PRIVATE PRIVATE-D PRIVATE-DA PRIVATE-DAT PRIVATE-DATA proc-text proc-text-buffer PROGRESS-S PROGRESS-SO PROGRESS-SOU PROGRESS-SOUR PROGRESS-SOURC PROGRESS-SOURCE PROMPT PROTECTED PROXY PROXY-PASSWORD PROXY-USERID PUBLIC PUBLIC-ID PUBLISHED-EVENTS PUT-STRING QUERY-OPEN QUERY-PREPARE QUESTION QUOTER RANDOM READ-FILE READ-ONLY READ-XML READ-XMLSCHEMA REAL RECORD-LENGTH RECURSIVE REFERENCE-ONLY REFRESH REFRESH-AUDIT-POLICY REFRESHABLE REGISTER-DOMAIN REJECTED REMOTE REMOVE-EVENTS-PROCEDURE REMOVE-SUPER-PROCEDURE REPLACE REPLACE-SELECTION-TEXT REPOSITION-MODE RESET RESIZA RESIZAB RESIZABL RESIZABLE RESIZE RESTART-ROWID RETAIN-SHAPE RETRY-CANCEL RETURN-ALIGN RETURN-INS RETURN-INSE RETURN-INSER RETURN-INSERT RETURN-INSERTE RETURN-INSERTED RETURN-TO-START-DI RETURN-TO-START-DIR RETURN-VAL RETURN-VALU RETURN-VALUE RETURN-VALUE-DATA-TYPE REVERSE-FROM RGB-VALUE RIGHT RIGHT-ALIGNED RIGHT-TRIM ROLES ROUND ROUNDED ROW ROW-HEIGHT-CHARS ROW-HEIGHT-PIXELS ROW-MARKERS ROW-OF ROW-RESIZABLE ROW-STATE RULE SAVE-AS SAVE-FILE SAVECACHE SAX-PARSE SAX-PARSE-FIRST SAX-PARSE-NEXT SAX-WRITER SCHEMA-LOCATION SCHEMA-MARSHAL SCHEMA-PATH SCREEN-VAL SCREEN-VALU SCREEN-VALUE SCROLL-BARS SCROLL-DELTA SCROLL-OFFSET SCROLL-TO-CURRENT-ROW SCROLL-TO-I SCROLL-TO-IT SCROLL-TO-ITE SCROLL-TO-ITEM SCROLL-TO-SELECTED-ROW SCROLLABLE SCROLLBAR-H SCROLLBAR-HO SCROLLBAR-HOR SCROLLBAR-HORI SCROLLBAR-HORIZ SCROLLBAR-HORIZO SCROLLBAR-HORIZON SCROLLBAR-HORIZONT SCROLLBAR-HORIZONTA SCROLLBAR-HORIZONTAL SCROLLBAR-V SCROLLBAR-VE SCROLLBAR-VER SCROLLBAR-VERT SCROLLBAR-VERTI SCROLLBAR-VERTIC SCROLLBAR-VERTICA SCROLLBAR-VERTICAL SCROLLED-ROW-POS SCROLLED-ROW-POSI SCROLLED-ROW-POSIT SCROLLED-ROW-POSITI SCROLLED-ROW-POSITIO SCROLLED-ROW-POSITION SCROLLING SEAL SEAL-TIMESTAMP SECTION SELECT-ALL SELECT-FOCUSED-ROW SELECT-NEXT-ROW SELECT-PREV-ROW SELECT-ROW SELECTABLE SELECTED SELECTION SELECTION-END SELECTION-START SELECTION-TEXT send-sql send-sql-s send-sql-st send-sql-sta send-sql-stat send-sql-state send-sql-statem send-sql-stateme send-sql-statemen send-sql-statement SENSITIVE SEPARATE-CONNECTION SEPARATOR-FGCOLOR SEPARATORS SERVER SERVER-CONNECTION-BOUND SERVER-CONNECTION-BOUND-REQUEST SERVER-CONNECTION-CONTEXT SERVER-CONNECTION-ID SERVER-OPERATING-MODE SESSION-ID SET-APPL-CONTEXT SET-ATTRIBUTE-NODE SET-BLUE SET-BLUE-V SET-BLUE-VA SET-BLUE-VAL SET-BLUE-VALU SET-BLUE-VALUE SET-BREAK SET-BUFFERS SET-CALLBACK SET-CLIENT SET-COMMIT SET-CONTENTS SET-CURRENT-VALUE SET-DB-CLIENT SET-DYNAMIC SET-EVENT-MANAGER-OPTION SET-GREEN SET-GREEN-V SET-GREEN-VA SET-GREEN-VAL SET-GREEN-VALU SET-GREEN-VALUE SET-INPUT-SOURCE SET-OPTION SET-OUTPUT-DESTINATION SET-PARAMETER SET-PROPERTY SET-RED SET-RED-V SET-RED-VA SET-RED-VAL SET-RED-VALU SET-RED-VALUE SET-REPOSITIONED-ROW SET-RGB-VALUE SET-ROLLBACK SET-SELECTION SET-SORT-ARROW SET-WAIT-STATE SHA1-DIGEST SHOW-IN-TASKBAR SIDE-LAB SIDE-LABE SIDE-LABEL SIDE-LABEL-H SIDE-LABEL-HA SIDE-LABEL-HAN SIDE-LABEL-HAND SIDE-LABEL-HANDL SIDE-LABEL-HANDLE SIDE-LABELS SILENT SIMPLE SINGLE SIZE SIZE-C SIZE-CH SIZE-CHA SIZE-CHAR SIZE-CHARS SIZE-P SIZE-PI SIZE-PIX SIZE-PIXE SIZE-PIXEL SIZE-PIXELS SMALL-ICON SMALL-TITLE SMALLINT SORT SORT-ASCENDING SORT-NUMBER SOURCE SOURCE-PROCEDURE SQL SQRT SSL-SERVER-NAME STANDALONE START-DOCUMENT START-ELEMENT START-MOVE START-RESIZE START-ROW-RESIZE STATE-DETAIL STATUS-AREA STATUS-AREA-FONT STDCALL STOP-PARSING STOPPE STOPPED STRETCH-TO-FIT STRICT STRING STRING-VALUE STRING-XREF SUB-AVE SUB-AVER SUB-AVERA SUB-AVERAG SUB-AVERAGE SUB-COUNT SUB-MAXIMUM SUB-MENU-HELP SUB-MIN SUB-MINI SUB-MINIM SUB-MINIMU SUB-MINIMUM SUB-TOTAL SUBST SUBSTI SUBSTIT SUBSTITU SUBSTITUT SUBSTITUTE SUBSTR SUBSTRI SUBSTRIN SUBSTRING SUBTYPE SUM SUM-MAX SUM-MAXI SUM-MAXIM SUM-MAXIMU SUPER-PROCEDURES SUPPRESS-NAMESPACE-PROCESSING SUPPRESS-W SUPPRESS-WA SUPPRESS-WAR SUPPRESS-WARN SUPPRESS-WARNI SUPPRESS-WARNIN SUPPRESS-WARNING SUPPRESS-WARNINGS SYMMETRIC-ENCRYPTION-ALGORITHM SYMMETRIC-ENCRYPTION-IV SYMMETRIC-ENCRYPTION-KEY SYMMETRIC-SUPPORT SYSTEM-ALERT SYSTEM-ALERT-B SYSTEM-ALERT-BO SYSTEM-ALERT-BOX SYSTEM-ALERT-BOXE SYSTEM-ALERT-BOXES SYSTEM-ID TAB-POSITION TAB-STOP TABLE-HANDLE TARGET TARGET-PROCEDURE TEMP-DIR TEMP-DIRE TEMP-DIREC TEMP-DIRECT TEMP-DIRECTO TEMP-DIRECTOR TEMP-DIRECTORY TEMP-TABLE-PREPARE TEXT-SEG-GROW TEXT-SELECTED THREE-D THRU TIC-MARKS TIME-SOURCE TIMEZONE TITLE-BGC TITLE-BGCO TITLE-BGCOL TITLE-BGCOLO TITLE-BGCOLOR TITLE-DC TITLE-DCO TITLE-DCOL TITLE-DCOLO TITLE-DCOLOR TITLE-FGC TITLE-FGCO TITLE-FGCOL TITLE-FGCOLO TITLE-FGCOLOR TITLE-FO TITLE-FON TITLE-FONT TODAY TOOLTIP TOOLTIPS TOTAL TRAILING TRANS-INIT-PROCEDURE TRANSPARENT TRUNC TRUNCA TRUNCAT TRUNCATE TYPE TYPE-OF UNBUFF UNBUFFE UNBUFFER UNBUFFERE UNBUFFERED UNIQUE-ID UNIQUE-MATCH UNLESS-HIDDEN UNSIGNED-LONG UPDATE-ATTRIBUTE URL URL-DECODE URL-ENCODE URL-PASSWORD URL-USERID USE-DICT-EXPS USE-FILENAME USE-REVVIDEO USE-TEXT USE-UNDERLINE USE-WIDGET-POOL USER USER-ID V6DISPLAY VALID-EVENT VALID-HANDLE VALID-OBJECT VALIDATE VALIDATE-EXPRESSION VALIDATE-MESSAGE VALIDATE-SEAL VALIDATION-ENABLED VERBOSE VERSION VERT VERTI VERTIC VERTICA VERTICAL VIEW-FIRST-COLUMN-ON-REOPEN VIRTUAL-HEIGHT VIRTUAL-HEIGHT-C VIRTUAL-HEIGHT-CH VIRTUAL-HEIGHT-CHA VIRTUAL-HEIGHT-CHAR VIRTUAL-HEIGHT-CHARS VIRTUAL-HEIGHT-P VIRTUAL-HEIGHT-PI VIRTUAL-HEIGHT-PIX VIRTUAL-HEIGHT-PIXE VIRTUAL-HEIGHT-PIXEL VIRTUAL-HEIGHT-PIXELS VIRTUAL-WIDTH VIRTUAL-WIDTH-C VIRTUAL-WIDTH-CH VIRTUAL-WIDTH-CHA VIRTUAL-WIDTH-CHAR VIRTUAL-WIDTH-CHARS VIRTUAL-WIDTH-P VIRTUAL-WIDTH-PI VIRTUAL-WIDTH-PIX VIRTUAL-WIDTH-PIXE VIRTUAL-WIDTH-PIXEL VIRTUAL-WIDTH-PIXELS VISIBLE VOID WAIT WARNING WEB-CONTEXT WEEKDAY WIDGET WIDGET-E WIDGET-EN WIDGET-ENT WIDGET-ENTE WIDGET-ENTER WIDGET-HANDLE WIDGET-ID WIDGET-L WIDGET-LE WIDGET-LEA WIDGET-LEAV WIDGET-LEAVE WIDTH WIDTH-C WIDTH-CH WIDTH-CHA WIDTH-CHAR WIDTH-CHARS WIDTH-P WIDTH-PI WIDTH-PIX WIDTH-PIXE WIDTH-PIXEL WIDTH-PIXELS WINDOW-CLOSE WINDOW-NAME WINDOW-STA WINDOW-STAT WINDOW-STATE WINDOW-SYSTEM WORD-INDEX WORD-WRAP WORK-AREA-HEIGHT-PIXELS WORK-AREA-WIDTH-PIXELS WORK-AREA-X WORK-AREA-Y WRITE-CDATA WRITE-CHARACTERS WRITE-COMMENT WRITE-DATA-ELEMENT WRITE-EMPTY-ELEMENT WRITE-ENTITY-REF WRITE-EXTERNAL-DTD WRITE-FRAGMENT WRITE-MESSAGE WRITE-PROCESSING-INSTRUCTION WRITE-STATUS WRITE-XML WRITE-XMLSCHEMA X X-OF XML-DATA-TYPE XML-NODE-TYPE XML-SCHEMA-PATH XML-SUPPRESS-NAMESPACE-PROCESSING Y Y-OF YEAR YEAR-OFFSET YES-NO YES-NO-CANCEL</Keywords>
            <Keywords name="Keywords5">IF THEN FIND FIRST LAST UPDATE ELSE</Keywords>
            <Keywords name="Keywords6">WHERE AND NO-LOCK NO-ERROR EXCLUSIVE-LOCK SHARE-LOCK ON USE-INDEX</Keywords>
            <Keywords name="Keywords7">NOT</Keywords>
            <Keywords name="Keywords8"></Keywords>
            <Keywords name="Delimiters">00&quot; 01 02&quot; 03{ 04 05} 06 07 08 09 10 11 12 13 14 15 16 17 18 19 20 21 22 23</Keywords>
        </KeywordLists>
        <Styles>
            <WordsStyle name="DEFAULT" fgColor="FFFFFF" bgColor="293134" fontStyle="1" nesting="0" />
            <WordsStyle name="COMMENTS" fgColor="008000" bgColor="293134" fontStyle="0" nesting="0" />
            <WordsStyle name="LINE COMMENTS" fgColor="80FF80" bgColor="293134" fontStyle="0" nesting="0" />
            <WordsStyle name="NUMBERS" fgColor="FFFF00" bgColor="293134" fontStyle="0" nesting="0" />
            <WordsStyle name="KEYWORDS1" fgColor="BE7E7E" bgColor="293134" fontStyle="1" nesting="0" />
            <WordsStyle name="KEYWORDS2" fgColor="FF9E3E" bgColor="293134" fontStyle="1" nesting="0" />
            <WordsStyle name="KEYWORDS3" fgColor="FF8080" bgColor="293134" fontStyle="1" nesting="0" />
            <WordsStyle name="KEYWORDS4" fgColor="8080C0" bgColor="293134" fontStyle="1" nesting="0" />
            <WordsStyle name="KEYWORDS5" fgColor="46A3FF" bgColor="293134" fontStyle="1" nesting="0" />
            <WordsStyle name="KEYWORDS6" fgColor="20B7FF" bgColor="293134" fontStyle="1" nesting="0" />
            <WordsStyle name="KEYWORDS7" fgColor="FF0404" bgColor="293134" fontStyle="1" nesting="0" />
            <WordsStyle name="KEYWORDS8" fgColor="000000" bgColor="FFFFFF" fontStyle="0" nesting="0" />
            <WordsStyle name="OPERATORS" fgColor="FFFFA8" bgColor="293134" fontStyle="1" nesting="0" />
            <WordsStyle name="FOLDER IN CODE1" fgColor="000000" bgColor="FFFFFF" fontStyle="0" nesting="0" />
            <WordsStyle name="FOLDER IN CODE2" fgColor="D0A2FF" bgColor="293134" fontStyle="1" nesting="0" />
            <WordsStyle name="FOLDER IN COMMENT" fgColor="000000" bgColor="FFFFFF" fontStyle="0" nesting="0" />
            <WordsStyle name="DELIMITERS1" fgColor="808080" bgColor="293134" fontStyle="1" nesting="0" />
            <WordsStyle name="DELIMITERS2" fgColor="80FF80" bgColor="293134" fontStyle="0" nesting="0" />
            <WordsStyle name="DELIMITERS3" fgColor="000000" bgColor="FFFFFF" fontStyle="0" nesting="0" />
            <WordsStyle name="DELIMITERS4" fgColor="000000" bgColor="FFFFFF" fontStyle="0" nesting="0" />
            <WordsStyle name="DELIMITERS5" fgColor="000000" bgColor="FFFFFF" fontStyle="0" nesting="0" />
            <WordsStyle name="DELIMITERS6" fgColor="000000" bgColor="FFFFFF" fontStyle="0" nesting="0" />
            <WordsStyle name="DELIMITERS7" fgColor="000000" bgColor="FFFFFF" fontStyle="0" nesting="0" />
            <WordsStyle name="DELIMITERS8" fgColor="000000" bgColor="FFFFFF" fontStyle="0" nesting="0" />
        </Styles>
    </UserLang>
</NotepadPlus>
