<?xml version="1.0" encoding="UTF-8" ?>
<NotepadPlus>
<AutoComplete>
<KeyWord name='CASE'/>
<KeyWord name='CLASS'/>
<KeyWord name='CONSTRUCTOR'/>
<KeyWord name='DESTRUCTOR'/>
<KeyWord name='DO'/>
<KeyWord name='EDITING'/>
<KeyWord name='FOR'/>
<KeyWord name='FUNCTION'/>
<KeyWord name='INTERFACE'/>
<KeyWord name='METHOD'/>
<KeyWord name='PROCE'/>
<KeyWord name='PROCED'/>
<KeyWord name='PROCEDU'/>
<KeyWord name='PROCEDUR'/>
<KeyWord name='PROCEDURE'/>
<KeyWord name='REPEAT'/>
<KeyWord name='TRIGGERS'/>
<KeyWord name='END'/>
<KeyWord name='FORWARD'/>
<KeyWord name='FORWARDS'/>
<KeyWord name='&BATCH'/>
<KeyWord name='&BATCH-M'/>
<KeyWord name='&BATCH-MO'/>
<KeyWord name='&BATCH-MOD'/>
<KeyWord name='&BATCH-MODE'/>
<KeyWord name='&ELSE'/>
<KeyWord name='&ELSEIF'/>
<KeyWord name='&ENDIF'/>
<KeyWord name='&FILE-NAME'/>
<KeyWord name='&GLOBAL-DEFINE'/>
<KeyWord name='&IF'/>
<KeyWord name='&LINE-NUMBE'/>
<KeyWord name='&LINE-NUMBER'/>
<KeyWord name='&MESSAGE'/>
<KeyWord name='&OPSYS'/>
<KeyWord name='&SCOPED-DEFINE'/>
<KeyWord name='&SEQUENCE'/>
<KeyWord name='&THEN'/>
<KeyWord name='&UNDEFINE'/>
<KeyWord name='&WINDOW-SYS'/>
<KeyWord name='&WINDOW-SYST'/>
<KeyWord name='&WINDOW-SYSTE'/>
<KeyWord name='&WINDOW-SYSTEM'/>
<KeyWord name='SESSION'/>
<KeyWord name='SUPER'/>
<KeyWord name='THIS-OBJECT'/>
<KeyWord name='ABORT'/>
<KeyWord name='ADVISE'/>
<KeyWord name='ALIAS'/>
<KeyWord name='APPLICATION'/>
<KeyWord name='APPLY'/>
<KeyWord name='AS'/>
<KeyWord name='ASSIGN'/>
<KeyWord name='AUTOMATIC'/>
<KeyWord name='BACK'/>
<KeyWord name='BACKG'/>
<KeyWord name='BACKGR'/>
<KeyWord name='BACKGRO'/>
<KeyWord name='BACKGROU'/>
<KeyWord name='BACKGROUN'/>
<KeyWord name='BACKGROUND'/>
<KeyWord name='BELL'/>
<KeyWord name='BREAK'/>
<KeyWord name='BROWSE'/>
<KeyWord name='BUFFER'/>
<KeyWord name='BUFFER-COMPARE'/>
<KeyWord name='BUFFER-COPY'/>
<KeyWord name='BUTTON'/>
<KeyWord name='BUTTONS'/>
<KeyWord name='CALL'/>
<KeyWord name='CHOOSE'/>
<KeyWord name='CLEAR'/>
<KeyWord name='CLIENT-PRINCIPAL'/>
<KeyWord name='CLOSE'/>
<KeyWord name='COLON'/>
<KeyWord name='COMBO-BOX'/>
<KeyWord name='COMMAND'/>
<KeyWord name='COMPILE'/>
<KeyWord name='COMPLETE'/>
<KeyWord name='CONTEXT-HELP'/>
<KeyWord name='CONTEXT-HELP-FILE'/>
<KeyWord name='CONTROL'/>
<KeyWord name='CONTROL-FRAME'/>
<KeyWord name='COPY-LOB'/>
<KeyWord name='CREATE'/>
<KeyWord name='CURRENT'/>
<KeyWord name='CURRENT-LANG'/>
<KeyWord name='CURRENT-LANGU'/>
<KeyWord name='CURRENT-LANGUA'/>
<KeyWord name='CURRENT-LANGUAG'/>
<KeyWord name='CURRENT-LANGUAGE'/>
<KeyWord name='CURRENT-VALUE'/>
<KeyWord name='CURS'/>
<KeyWord name='CURSO'/>
<KeyWord name='CURSOR'/>
<KeyWord name='DATA-SOURCE'/>
<KeyWord name='DATABASE'/>
<KeyWord name='DATASET'/>
<KeyWord name='DDE'/>
<KeyWord name='DEF'/>
<KeyWord name='DEFAULT-BUTTON'/>
<KeyWord name='DEFAUT-B'/>
<KeyWord name='DEFAUT-BB'/>
<KeyWord name='DEFAUT-BBU'/>
<KeyWord name='DEFAUT-BBUT'/>
<KeyWord name='DEFAUT-BBUTT'/>
<KeyWord name='DEFAUT-BBUTTO'/>
<KeyWord name='DEFI'/>
<KeyWord name='DEFIN'/>
<KeyWord name='DEFINE'/>
<KeyWord name='DEL'/>
<KeyWord name='DELE'/>
<KeyWord name='DELET'/>
<KeyWord name='DELETE'/>
<KeyWord name='DIALOG-BOX'/>
<KeyWord name='DICT'/>
<KeyWord name='DICTI'/>
<KeyWord name='DICTIO'/>
<KeyWord name='DICTION'/>
<KeyWord name='DICTIONA'/>
<KeyWord name='DICTIONAR'/>
<KeyWord name='DICTIONARY'/>
<KeyWord name='DISABLE'/>
<KeyWord name='DISCON'/>
<KeyWord name='DISCONN'/>
<KeyWord name='DISCONNE'/>
<KeyWord name='DISCONNEC'/>
<KeyWord name='DISCONNECT'/>
<KeyWord name='DISP'/>
<KeyWord name='DISPL'/>
<KeyWord name='DISPLA'/>
<KeyWord name='DISPLAY'/>
<KeyWord name='DOWN'/>
<KeyWord name='DUMP'/>
<KeyWord name='DYNAMIC-CURRENT-VALUE'/>
<KeyWord name='EACH'/>
<KeyWord name='EDITOR,,EMPTY'/>
<KeyWord name='ENABLE'/>
<KeyWord name='ENDKEY'/>
<KeyWord name='EVENT'/>
<KeyWord name='EVENTS'/>
<KeyWord name='EXECUTE'/>
<KeyWord name='EXPORT'/>
<KeyWord name='FILL-IN'/>
<KeyWord name='FIX-CODEPAGE'/>
<KeyWord name='FORM'/>
<KeyWord name='FRAM'/>
<KeyWord name='FRAME'/>
<KeyWord name='FRAME-VAL'/>
<KeyWord name='FRAME-VALU'/>
<KeyWord name='FRAME-VALUE'/>
<KeyWord name='FROM-CUR'/>
<KeyWord name='FROM-CURR'/>
<KeyWord name='FROM-CURRE'/>
<KeyWord name='FROM-CURREN'/>
<KeyWord name='FROM-CURRENT'/>
<KeyWord name='GET'/>
<KeyWord name='GET-DIR'/>
<KeyWord name='GET-FILE'/>
<KeyWord name='GET-KEY-VAL'/>
<KeyWord name='GET-KEY-VALU'/>
<KeyWord name='GET-KEY-VALUE'/>
<KeyWord name='HEADER'/>
<KeyWord name='HIDE,,IMAGE'/>
<KeyWord name='IMPORT'/>
<KeyWord name='IN'/>
<KeyWord name='INITIATE'/>
<KeyWord name='INPUT'/>
<KeyWord name='INPUT-O'/>
<KeyWord name='INPUT-OU'/>
<KeyWord name='INPUT-OUT'/>
<KeyWord name='INPUT-OUTP'/>
<KeyWord name='INPUT-OUTPU'/>
<KeyWord name='INPUT-OUTPUT'/>
<KeyWord name='ITEM,,LEAVE'/>
<KeyWord name='LIKE'/>
<KeyWord name='LOAD'/>
<KeyWord name='LOAD-PICTURE'/>
<KeyWord name='MENU'/>
<KeyWord name='MENU-ITEM'/>
<KeyWord name='MESSAGE'/>
<KeyWord name='NAMESPACE-PREFIX'/>
<KeyWord name='NAMESPACE-URI'/>
<KeyWord name='NEW'/>
<KeyWord name='NEXT'/>
<KeyWord name='NEXT-PROMPT'/>
<KeyWord name='OBJECT,,OPEN'/>
<KeyWord name='OS-APPEND'/>
<KeyWord name='OS-COMMAND'/>
<KeyWord name='OS-COPY'/>
<KeyWord name='OS-CREATE-DIR'/>
<KeyWord name='OS-DELETE'/>
<KeyWord name='OTHERWISE'/>
<KeyWord name='OUTPUT'/>
<KeyWord name='OVERLAY'/>
<KeyWord name='PAGE'/>
<KeyWord name='PARAM'/>
<KeyWord name='PARAME'/>
<KeyWord name='PARAMET'/>
<KeyWord name='PARAMETE'/>
<KeyWord name='PARAMETER'/>
<KeyWord name='PAUSE'/>
<KeyWord name='PERSIST'/>
<KeyWord name='PERSISTE'/>
<KeyWord name='PERSISTEN'/>
<KeyWord name='PERSISTENT'/>
<KeyWord name='PRESEL'/>
<KeyWord name='PRESELE'/>
<KeyWord name='PRESELEC'/>
<KeyWord name='PRESELECT'/>
<KeyWord name='PREV'/>
<KeyWord name='PRINTER-SETUP'/>
<KeyWord name='PROC-HA'/>
<KeyWord name='PROC-HAN'/>
<KeyWord name='PROC-HAND'/>
<KeyWord name='PROC-HANDL'/>
<KeyWord name='PROC-HANDLE'/>
<KeyWord name='PROCESS'/>
<KeyWord name='PROMPT-F'/>
<KeyWord name='PROMPT-FO'/>
<KeyWord name='PROMPT-FOR'/>
<KeyWord name='PROMSGS'/>
<KeyWord name='PROPATH'/>
<KeyWord name='PROPERTY'/>
<KeyWord name='PUBLISH'/>
<KeyWord name='PUT'/>
<KeyWord name='PUT-BITS'/>
<KeyWord name='PUT-BYTE'/>
<KeyWord name='PUT-BYTES'/>
<KeyWord name='PUT-DOUBLE'/>
<KeyWord name='PUT-FLOAT'/>
<KeyWord name='PUT-INT64'/>
<KeyWord name='PUT-KEY-VAL'/>
<KeyWord name='PUT-KEY-VALU'/>
<KeyWord name='PUT-KEY-VALUE'/>
<KeyWord name='PUT-LONG'/>
<KeyWord name='PUT-SHORT'/>
<KeyWord name='PUT-UNSIGNED-LONG'/>
<KeyWord name='PUT-UNSIGNED-SHORT'/>
<KeyWord name='QUERY'/>
<KeyWord name='QUERY-TUNING'/>
<KeyWord name='QUIT'/>
<KeyWord name='RADIO-BUTTONS'/>
<KeyWord name='RADIO-SET'/>
<KeyWord name='RAW'/>
<KeyWord name='RAW-TRANSFER'/>
<KeyWord name='READKEY'/>
<KeyWord name='RECT'/>
<KeyWord name='RECTA'/>
<KeyWord name='RECTAN'/>
<KeyWord name='RECTANG'/>
<KeyWord name='RECTANGL'/>
<KeyWord name='RECTANGLE'/>
<KeyWord name='RELEASE'/>
<KeyWord name='REPOSITION'/>
<KeyWord name='REQUEST'/>
<KeyWord name='RETRY'/>
<KeyWord name='RETURN'/>
<KeyWord name='RETURNS'/>
<KeyWord name='REVERT'/>
<KeyWord name='RUN'/>
<KeyWord name='RUN-PROCEDURE'/>
<KeyWord name='SAVE'/>
<KeyWord name='SAX-ATTRIBUTES'/>
<KeyWord name='SAX-READER'/>
<KeyWord name='SCREEN'/>
<KeyWord name='SCROLL'/>
<KeyWord name='SELECTION-LIST'/>
<KeyWord name='SEND'/>
<KeyWord name='SET'/>
<KeyWord name='SET-BYTE-ORDER'/>
<KeyWord name='SET-POINTER-VALUE'/>
<KeyWord name='SET-SIZE'/>
<KeyWord name='SHARED'/>
<KeyWord name='SHOW-STAT'/>
<KeyWord name='SHOW-STATS'/>
<KeyWord name='SKIP'/>
<KeyWord name='SLIDER'/>
<KeyWord name='SOAP-HEADER'/>
<KeyWord name='SOAP-HEADER-ENTRYREF'/>
<KeyWord name='SOCKET'/>
<KeyWord name='SPACE'/>
<KeyWord name='START'/>
<KeyWord name='STATUS'/>
<KeyWord name='STOP'/>
<KeyWord name='STORED-PROC'/>
<KeyWord name='STORED-PROCE'/>
<KeyWord name='STORED-PROCED'/>
<KeyWord name='STORED-PROCEDU'/>
<KeyWord name='STORED-PROCEDUR'/>
<KeyWord name='STORED-PROCEDURE'/>
<KeyWord name='STREAM'/>
<KeyWord name='SUB-M'/>
<KeyWord name='SUB-ME'/>
<KeyWord name='SUB-MEN'/>
<KeyWord name='SUB-MENU'/>
<KeyWord name='SUBSCRIBE'/>
<KeyWord name='SYSTEM-DIALOG'/>
<KeyWord name='SYSTEM-HELP'/>
<KeyWord name='TEMP-TABLE'/>
<KeyWord name='TERM'/>
<KeyWord name='TERMI'/>
<KeyWord name='TERMIN'/>
<KeyWord name='TERMINA'/>
<KeyWord name='TERMINAL'/>
<KeyWord name='TERMINATE'/>
<KeyWord name='TEXT,,THROUGH'/>
<KeyWord name='TOGGLE-BOX'/>
<KeyWord name='TOPIC'/>
<KeyWord name='TRANSACTION'/>
<KeyWord name='TRANSACTION-MODE'/>
<KeyWord name='TRIGGER'/>
<KeyWord name='TRUE'/>
<KeyWord name='UNDO'/>
<KeyWord name='UNIX'/>
<KeyWord name='UNLOAD'/>
<KeyWord name='UNSUBSCRIBE'/>
<KeyWord name='UP,,USE'/>
<KeyWord name='USING'/>
<KeyWord name='VAR'/>
<KeyWord name='VARI'/>
<KeyWord name='VARIA'/>
<KeyWord name='VARIAB'/>
<KeyWord name='VARIABL'/>
<KeyWord name='VARIABLE'/>
<KeyWord name='VIEW'/>
<KeyWord name='WAIT-FOR'/>
<KeyWord name='WHEN,,WHILE'/>
<KeyWord name='WIDGET-POOL'/>
<KeyWord name='WINDOW'/>
<KeyWord name='WITH'/>
<KeyWord name='WORK-TAB'/>
<KeyWord name='WORK-TABL'/>
<KeyWord name='WORK-TABLE'/>
<KeyWord name='WORKFILE'/>
<KeyWord name='X-DOCUMENT'/>
<KeyWord name='X-NODEREF'/>
<KeyWord name='ACCUM'/>
<KeyWord name='ACCUMU'/>
<KeyWord name='ACCUMUL'/>
<KeyWord name='ACCUMULA'/>
<KeyWord name='ACCUMULAT'/>
<KeyWord name='ACCUMULATE'/>
<KeyWord name='ACTIVE-WINDOW'/>
<KeyWord name='ADD'/>
<KeyWord name='ALL'/>
<KeyWord name='ALTER'/>
<KeyWord name='AMBIG'/>
<KeyWord name='AMBIGU'/>
<KeyWord name='AMBIGUO'/>
<KeyWord name='AMBIGUOU'/>
<KeyWord name='AMBIGUOUS'/>
<KeyWord name='ANALYZ'/>
<KeyWord name='ANALYZE,,ANY'/>
<KeyWord name='ASC'/>
<KeyWord name='ASCE'/>
<KeyWord name='ASCEN'/>
<KeyWord name='ASCEND'/>
<KeyWord name='ASCENDI'/>
<KeyWord name='ASCENDIN'/>
<KeyWord name='ASCENDING'/>
<KeyWord name='ASYNCHRONOUS'/>
<KeyWord name='AT'/>
<KeyWord name='ATTR'/>
<KeyWord name='ATTR-S'/>
<KeyWord name='ATTR-SP'/>
<KeyWord name='ATTR-SPA'/>
<KeyWord name='ATTR-SPAC'/>
<KeyWord name='ATTR-SPACE'/>
<KeyWord name='AUDIT-CONTROL'/>
<KeyWord name='AUDIT-POLICY'/>
<KeyWord name='AUTHORIZATION'/>
<KeyWord name='AUTO-RET'/>
<KeyWord name='AUTO-RETU'/>
<KeyWord name='AUTO-RETUR'/>
<KeyWord name='AUTO-RETURN'/>
<KeyWord name='AVAIL'/>
<KeyWord name='AVAILA'/>
<KeyWord name='AVAILAB'/>
<KeyWord name='AVAILABL'/>
<KeyWord name='AVAILABLE'/>
<KeyWord name='BEFORE-H'/>
<KeyWord name='BEFORE-HI'/>
<KeyWord name='BEFORE-HID'/>
<KeyWord name='BEFORE-HIDE'/>
<KeyWord name='BEGINS'/>
<KeyWord name='BETWEEN'/>
<KeyWord name='BIG-ENDIAN'/>
<KeyWord name='BLANK'/>
<KeyWord name='BY'/>
<KeyWord name='CAN-DO'/>
<KeyWord name='CAN-FIND'/>
<KeyWord name='CASE-SEN'/>
<KeyWord name='CASE-SENS'/>
<KeyWord name='CASE-SENSI'/>
<KeyWord name='CASE-SENSIT'/>
<KeyWord name='CASE-SENSITI'/>
<KeyWord name='CASE-SENSITIV'/>
<KeyWord name='CASE-SENSITIVE'/>
<KeyWord name='CAST'/>
<KeyWord name='CENTER'/>
<KeyWord name='CENTERE'/>
<KeyWord name='CENTERED'/>
<KeyWord name='CHECK'/>
<KeyWord name='CHR'/>
<KeyWord name='CLIPBOARD'/>
<KeyWord name='CODEBASE-LOCATOR'/>
<KeyWord name='COLOR'/>
<KeyWord name='COLUMN-LAB'/>
<KeyWord name='COLUMN-LABE'/>
<KeyWord name='COLUMN-LABEL'/>
<KeyWord name='COLUMNS'/>
<KeyWord name='COMPILER'/>
<KeyWord name='CONNECTED'/>
<KeyWord name='COUNT-OF'/>
<KeyWord name='CURRENT-CHANGED'/>
<KeyWord name='CURRENT-WINDOW'/>
<KeyWord name='CURRENT_DATE'/>
<KeyWord name='DATA-REL'/>
<KeyWord name='DATA-RELA'/>
<KeyWord name='DATA-RELAT'/>
<KeyWord name='DATA-RELATI'/>
<KeyWord name='DATA-RELATIO'/>
<KeyWord name='DATA-RELATION'/>
<KeyWord name='DATASERVERS'/>
<KeyWord name='DATASET-HANDLE'/>
<KeyWord name='DBCODEPAGE'/>
<KeyWord name='DBCOLLATION'/>
<KeyWord name='DBNAME'/>
<KeyWord name='DBPARAM'/>
<KeyWord name='DBREST'/>
<KeyWord name='DBRESTR'/>
<KeyWord name='DBRESTRI'/>
<KeyWord name='DBRESTRIC'/>
<KeyWord name='DBRESTRICT'/>
<KeyWord name='DBRESTRICTI'/>
<KeyWord name='DBRESTRICTIO'/>
<KeyWord name='DBRESTRICTION'/>
<KeyWord name='DBRESTRICTIONS'/>
<KeyWord name='DBTASKID'/>
<KeyWord name='DBTYPE'/>
<KeyWord name='DBVERS'/>
<KeyWord name='DBVERSI'/>
<KeyWord name='DBVERSIO'/>
<KeyWord name='DBVERSION'/>
<KeyWord name='DEBLANK'/>
<KeyWord name='DEBUG-LIST'/>
<KeyWord name='DEBUGGER'/>
<KeyWord name='DECIMALS'/>
<KeyWord name='DECLARE'/>
<KeyWord name='DEFAULT'/>
<KeyWord name='DEFAULT-NOXL'/>
<KeyWord name='DEFAULT-NOXLA'/>
<KeyWord name='DEFAULT-NOXLAT'/>
<KeyWord name='DEFAULT-NOXLATE'/>
<KeyWord name='DEFAULT-WINDOW'/>
<KeyWord name='DELIMITER'/>
<KeyWord name='DESC'/>
<KeyWord name='DESCE'/>
<KeyWord name='DESCEN'/>
<KeyWord name='DESCEND'/>
<KeyWord name='DESCENDI'/>
<KeyWord name='DESCENDIN'/>
<KeyWord name='DESCENDING'/>
<KeyWord name='DISABLE-AUTO-ZAP'/>
<KeyWord name='DISTINCT'/>
<KeyWord name='DOS'/>
<KeyWord name='DROP'/>
<KeyWord name='DYNAMIC-FUNCTION'/>
<KeyWord name='ENCODE'/>
<KeyWord name='ENTRY'/>
<KeyWord name='ERROR-STAT'/>
<KeyWord name='ERROR-STATU'/>
<KeyWord name='ERROR-STATUS'/>
<KeyWord name='ESCAPE'/>
<KeyWord name='ETIME'/>
<KeyWord name='EVENT-PROCEDURE'/>
<KeyWord name='EXCEPT'/>
<KeyWord name='EXCLUSIVE'/>
<KeyWord name='EXCLUSIVE-L'/>
<KeyWord name='EXCLUSIVE-LO'/>
<KeyWord name='EXCLUSIVE-LOC,,EXISTS'/>
<KeyWord name='FALSE'/>
<KeyWord name='FETCH'/>
<KeyWord name='FIELD'/>
<KeyWord name='FIELDS'/>
<KeyWord name='FILE-INFO'/>
<KeyWord name='FILE-INFOR'/>
<KeyWord name='FILE-INFORM'/>
<KeyWord name='FILE-INFORMA'/>
<KeyWord name='FILE-INFORMAT'/>
<KeyWord name='FILE-INFORMATI'/>
<KeyWord name='FILE-INFORMATIO'/>
<KeyWord name='FILE-INFORMATION'/>
<KeyWord name='FILL'/>
<KeyWord name='FIND-CASE-SENSITIVE'/>
<KeyWord name='FIND-GLOBAL'/>
<KeyWord name='FIND-NEXT-OCCURRENCE'/>
<KeyWord name='FIND-PREV-OCCURRENCE'/>
<KeyWord name='FIND-SELECT'/>
<KeyWord name='FIND-WRAP-AROUND'/>
<KeyWord name='FIRST-OF'/>
<KeyWord name='FOCUS'/>
<KeyWord name='FONT'/>
<KeyWord name='FRAME-COL'/>
<KeyWord name='FRAME-DB'/>
<KeyWord name='FRAME-DOWN'/>
<KeyWord name='FRAME-FIELD'/>
<KeyWord name='FRAME-FILE'/>
<KeyWord name='FRAME-INDE'/>
<KeyWord name='FRAME-INDEX'/>
<KeyWord name='FRAME-LINE'/>
<KeyWord name='FRAME-NAME'/>
<KeyWord name='FRAME-ROW'/>
<KeyWord name='FROM'/>
<KeyWord name='FROM-C'/>
<KeyWord name='FROM-CH'/>
<KeyWord name='FROM-CHA'/>
<KeyWord name='FROM-CHAR'/>
<KeyWord name='FROM-CHARS'/>
<KeyWord name='FROM-P'/>
<KeyWord name='FROM-PI'/>
<KeyWord name='FROM-PIX'/>
<KeyWord name='FROM-PIXE'/>
<KeyWord name='FROM-PIXEL'/>
<KeyWord name='FROM-PIXELS'/>
<KeyWord name='FUNCTION-CALL-TYPE'/>
<KeyWord name='GATEWAY'/>
<KeyWord name='GATEWAYS'/>
<KeyWord name='GET-ATTR-CALL-TYPE'/>
<KeyWord name='GET-BUFFER-HANDLE'/>
<KeyWord name='GET-BYTE'/>
<KeyWord name='GET-CODEPAGES'/>
<KeyWord name='GET-COLLATIONS'/>
<KeyWord name='GET-ERROR-COLUMN'/>
<KeyWord name='GET-ERROR-ROW'/>
<KeyWord name='GET-FILE-NAME'/>
<KeyWord name='GET-FILE-OFFSE'/>
<KeyWord name='GET-FILE-OFFSET'/>
<KeyWord name='GETBYTE'/>
<KeyWord name='GLOBAL'/>
<KeyWord name='GO-ON'/>
<KeyWord name='GO-PEND'/>
<KeyWord name='GO-PENDI'/>
<KeyWord name='GO-PENDIN'/>
<KeyWord name='GO-PENDING'/>
<KeyWord name='GRANT'/>
<KeyWord name='GRAPHIC-E'/>
<KeyWord name='GRAPHIC-ED'/>
<KeyWord name='GRAPHIC-EDG'/>
<KeyWord name='GRAPHIC-EDGE'/>
<KeyWord name='GROUP'/>
<KeyWord name='HAVING'/>
<KeyWord name='HELP'/>
<KeyWord name='HOST-BYTE-ORDER'/>
<KeyWord name='INDEX'/>
<KeyWord name='INDICATOR'/>
<KeyWord name='INSERT'/>
<KeyWord name='INTO'/>
<KeyWord name='IS'/>
<KeyWord name='IS-ATTR'/>
<KeyWord name='IS-ATTR-B'/>
<KeyWord name='IS-ATTR-BY'/>
<KeyWord name='IS-ATTR-BYT'/>
<KeyWord name='IS-ATTR-S'/>
<KeyWord name='IS-ATTR-SP'/>
<KeyWord name='IS-ATTR-SPA'/>
<KeyWord name='IS-ATTR-SPAC'/>
<KeyWord name='IS-ATTR-SPACE'/>
<KeyWord name='IS-LEAD-BYTE'/>
<KeyWord name='JOIN'/>
<KeyWord name='KBLABEL'/>
<KeyWord name='KEY-CODE'/>
<KeyWord name='KEY-FUNC'/>
<KeyWord name='KEY-FUNCT'/>
<KeyWord name='KEY-FUNCTI'/>
<KeyWord name='KEY-FUNCTIO'/>
<KeyWord name='KEY-FUNCTION'/>
<KeyWord name='KEY-LABEL'/>
<KeyWord name='KEYCODE'/>
<KeyWord name='KEYFUNC'/>
<KeyWord name='KEYFUNCT'/>
<KeyWord name='KEYFUNCTI'/>
<KeyWord name='KEYFUNCTIO'/>
<KeyWord name='KEYFUNCTION'/>
<KeyWord name='KEYLABEL'/>
<KeyWord name='KEYS'/>
<KeyWord name='KEYWORD'/>
<KeyWord name='LABEL'/>
<KeyWord name='LAST-EVEN'/>
<KeyWord name='LAST-EVENT'/>
<KeyWord name='LAST-KEY'/>
<KeyWord name='LAST-OF'/>
<KeyWord name='LASTKEY'/>
<KeyWord name='LDBNAME'/>
<KeyWord name='LIBRARY'/>
<KeyWord name='LINE-COUNT'/>
<KeyWord name='LINE-COUNTE'/>
<KeyWord name='LINE-COUNTER'/>
<KeyWord name='LISTI'/>
<KeyWord name='LISTIN'/>
<KeyWord name='LISTING'/>
<KeyWord name='LITTLE-ENDIAN'/>
<KeyWord name='LOCKED'/>
<KeyWord name='LOG-MANAGER'/>
<KeyWord name='LOOKUP'/>
<KeyWord name='MACHINE-CLASS'/>
<KeyWord name='MAP'/>
<KeyWord name='MEMBER'/>
<KeyWord name='MESSAGE-LINES'/>
<KeyWord name='MOUSE'/>
<KeyWord name='MPE'/>
<KeyWord name='NO'/>
<KeyWord name='NO-ATTR'/>
<KeyWord name='NO-ATTR-L'/>
<KeyWord name='NO-ATTR-LI'/>
<KeyWord name='NO-ATTR-LIS'/>
<KeyWord name='NO-ATTR-LIST'/>
<KeyWord name='NO-ATTR-S'/>
<KeyWord name='NO-ATTR-SP'/>
<KeyWord name='NO-ATTR-SPA'/>
<KeyWord name='NO-ATTR-SPAC'/>
<KeyWord name='NO-ATTR-SPACE,,NO-F'/>
<KeyWord name='NO-FI'/>
<KeyWord name='NO-FIL'/>
<KeyWord name='NO-FILL'/>
<KeyWord name='NO-FOCUS'/>
<KeyWord name='NO-HIDE'/>
<KeyWord name='NO-LABEL'/>
<KeyWord name='NO-LABELS'/>
<KeyWord name='NO-LOBS,,NO-MAP'/>
<KeyWord name='NO-MES'/>
<KeyWord name='NO-MESS'/>
<KeyWord name='NO-MESSA'/>
<KeyWord name='NO-MESSAG'/>
<KeyWord name='NO-MESSAGE'/>
<KeyWord name='NO-PAUSE'/>
<KeyWord name='NO-PREFE'/>
<KeyWord name='NO-PREFET'/>
<KeyWord name='NO-PREFETC'/>
<KeyWord name='NO-PREFETCH'/>
<KeyWord name='NO-UNDO'/>
<KeyWord name='NO-VAL'/>
<KeyWord name='NO-VALI'/>
<KeyWord name='NO-VALID'/>
<KeyWord name='NO-VALIDA'/>
<KeyWord name='NO-VALIDAT'/>
<KeyWord name='NO-VALIDATE'/>
<KeyWord name='NO-WAIT,,NOW'/>
<KeyWord name='NULL'/>
<KeyWord name='NUM-ALI'/>
<KeyWord name='NUM-ALIA'/>
<KeyWord name='NUM-ALIAS'/>
<KeyWord name='NUM-ALIASE'/>
<KeyWord name='NUM-ALIASES'/>
<KeyWord name='NUM-DBS'/>
<KeyWord name='NUM-ENTRIES'/>
<KeyWord name='OF'/>
<KeyWord name='OFF'/>
<KeyWord name='OLD'/>
<KeyWord name='OPSYS'/>
<KeyWord name='OPTION'/>
<KeyWord name='OR'/>
<KeyWord name='OS-DIR'/>
<KeyWord name='OS-RENAME'/>
<KeyWord name='PAGE-BOT'/>
<KeyWord name='PAGE-BOTT'/>
<KeyWord name='PAGE-BOTTO'/>
<KeyWord name='PAGE-BOTTOM'/>
<KeyWord name='PAGE-NUM'/>
<KeyWord name='PAGE-NUMB'/>
<KeyWord name='PAGE-NUMBE'/>
<KeyWord name='PAGE-NUMBER'/>
<KeyWord name='PAGE-TOP'/>
<KeyWord name='PASSWORD-FIELD'/>
<KeyWord name='PDBNAME'/>
<KeyWord name='PIXELS'/>
<KeyWord name='PREPROC'/>
<KeyWord name='PREPROCE'/>
<KeyWord name='PREPROCES'/>
<KeyWord name='PREPROCESS'/>
<KeyWord name='PRIVILEGES'/>
<KeyWord name='PROC-ST'/>
<KeyWord name='PROC-STA'/>
<KeyWord name='PROC-STAT'/>
<KeyWord name='PROC-STATU'/>
<KeyWord name='PROC-STATUS'/>
<KeyWord name='PROCEDURE-CALL-TYPE'/>
<KeyWord name='PROFILER'/>
<KeyWord name='PROGRAM-NAME'/>
<KeyWord name='PROGRESS'/>
<KeyWord name='PROVERS'/>
<KeyWord name='PROVERSI'/>
<KeyWord name='PROVERSIO'/>
<KeyWord name='PROVERSION'/>
<KeyWord name='PUTBYTE'/>
<KeyWord name='QUERY-CLOSE'/>
<KeyWord name='QUERY-OFF-END'/>
<KeyWord name='R-INDEX'/>
<KeyWord name='RCODE-INFO'/>
<KeyWord name='RCODE-INFOR'/>
<KeyWord name='RCODE-INFORM'/>
<KeyWord name='RCODE-INFORMA'/>
<KeyWord name='RCODE-INFORMAT'/>
<KeyWord name='RCODE-INFORMATI'/>
<KeyWord name='RCODE-INFORMATIO'/>
<KeyWord name='RCODE-INFORMATION'/>
<KeyWord name='READ-AVAILABLE'/>
<KeyWord name='READ-EXACT-NUM'/>
<KeyWord name='RECID'/>
<KeyWord name='REPOSITION-BACKWARD'/>
<KeyWord name='REPOSITION-FORWARD'/>
<KeyWord name='REPOSITION-TO-ROW'/>
<KeyWord name='REPOSITION-TO-ROWID'/>
<KeyWord name='RETAIN'/>
<KeyWord name='REVOKE'/>
<KeyWord name='ROWID'/>
<KeyWord name='SAX-COMPLE'/>
<KeyWord name='SAX-COMPLET'/>
<KeyWord name='SAX-COMPLETE'/>
<KeyWord name='SAX-PARSER-ERROR'/>
<KeyWord name='SAX-RUNNING'/>
<KeyWord name='SAX-UNINITIALIZED'/>
<KeyWord name='SAX-WRITE-BEGIN'/>
<KeyWord name='SAX-WRITE-COMPLETE'/>
<KeyWord name='SAX-WRITE-CONTENT'/>
<KeyWord name='SAX-WRITE-ELEMENT'/>
<KeyWord name='SAX-WRITE-ERROR'/>
<KeyWord name='SAX-WRITE-IDLE'/>
<KeyWord name='SAX-WRITE-TAG'/>
<KeyWord name='SCHEMA'/>
<KeyWord name='SCREEN-IO'/>
<KeyWord name='SCREEN-LINES'/>
<KeyWord name='SDBNAME'/>
<KeyWord name='SEARCH'/>
<KeyWord name='SEARCH-SELF'/>
<KeyWord name='SEARCH-TARGER'/>
<KeyWord name='SECURITY-POLICY'/>
<KeyWord name='SEEK'/>
<KeyWord name='SELECT'/>
<KeyWord name='SELF'/>
<KeyWord name='SET-ATTR-CALL-TYPE'/>
<KeyWord name='SETUSER'/>
<KeyWord name='SETUSERI'/>
<KeyWord name='SETUSERID'/>
<KeyWord name='SHARE'/>
<KeyWord name='SHARE-L'/>
<KeyWord name='SHARE-LO'/>
<KeyWord name='SHARE-LOC'/>
<KeyWord name='SKIP-DELETED-RECORD'/>
<KeyWord name='SOME'/>
<KeyWord name='STREAM-IO'/>
<KeyWord name='TABLE'/>
<KeyWord name='TABLE-NUMBER'/>
<KeyWord name='TEXT-CURSOR'/>
<KeyWord name='THIS-PROCEDURE'/>
<KeyWord name='TIME'/>
<KeyWord name='TITLE'/>
<KeyWord name='TO'/>
<KeyWord name='TO-ROWID'/>
<KeyWord name='TOP-ONLY'/>
<KeyWord name='TRANS'/>
<KeyWord name='TRIM'/>
<KeyWord name='UNDERL'/>
<KeyWord name='UNDERLI'/>
<KeyWord name='UNDERLIN'/>
<KeyWord name='UNDERLINE'/>
<KeyWord name='UNFORM'/>
<KeyWord name='UNFORMA'/>
<KeyWord name='UNFORMAT'/>
<KeyWord name='UNFORMATT'/>
<KeyWord name='UNFORMATTE'/>
<KeyWord name='UNFORMATTED'/>
<KeyWord name='UNION'/>
<KeyWord name='UNIQUE,,USERID'/>
<KeyWord name='V6FRAME'/>
<KeyWord name='VALUE'/>
<KeyWord name='VALUE-CHANGED'/>
<KeyWord name='VALUES'/>
<KeyWord name='VIEW-AS'/>
<KeyWord name='WINDOW-MAXIM'/>
<KeyWord name='WINDOW-MAXIMI'/>
<KeyWord name='WINDOW-MAXIMIZ'/>
<KeyWord name='WINDOW-MAXIMIZE'/>
<KeyWord name='WINDOW-MAXIMIZED'/>
<KeyWord name='WINDOW-MINIM'/>
<KeyWord name='WINDOW-MINIMI'/>
<KeyWord name='WINDOW-MINIMIZ'/>
<KeyWord name='WINDOW-MINIMIZE'/>
<KeyWord name='WINDOW-MINIMIZED'/>
<KeyWord name='WINDOW-NORMAL'/>
<KeyWord name='WRITE'/>
<KeyWord name='XCODE'/>
<KeyWord name='XREF'/>
<KeyWord name='XREF-XML'/>
<KeyWord name='YES'/>
<KeyWord name='ABS'/>
<KeyWord name='ABSO'/>
<KeyWord name='ABSOL'/>
<KeyWord name='ABSOLU'/>
<KeyWord name='ABSOLUT'/>
<KeyWord name='ABSOLUTE'/>
<KeyWord name='ACCELERATOR'/>
<KeyWord name='ADD-BUFFER'/>
<KeyWord name='ADD-CALC-COLUMN'/>
<KeyWord name='ADD-COLUMNS-FROM'/>
<KeyWord name='ADD-EVENTS-PROCEDURE'/>
<KeyWord name='ADD-FIELDS-FROM'/>
<KeyWord name='ADD-FIRST'/>
<KeyWord name='ADD-INDEX-FIELD'/>
<KeyWord name='ADD-INTERVAL'/>
<KeyWord name='ADD-LAST'/>
<KeyWord name='ADD-LIKE-COLUMN'/>
<KeyWord name='ADD-LIKE-FIELD'/>
<KeyWord name='ADD-LIKE-INDEX'/>
<KeyWord name='ADD-NEW-FIELD'/>
<KeyWord name='ADD-NEW-INDEX'/>
<KeyWord name='ADD-SCHEMA-LOCATION'/>
<KeyWord name='ADD-SUPER-PROCEDURE'/>
<KeyWord name='ADM-DATA'/>
<KeyWord name='ALERT-BOX'/>
<KeyWord name='ALLOW-COLUMN-SEARCHING'/>
<KeyWord name='ALLOW-REPLICATION'/>
<KeyWord name='ALTERNATE-KEY'/>
<KeyWord name='ALWAYS-ON-TOP'/>
<KeyWord name='ANSI-ONLY'/>
<KeyWord name='ANYWHERE'/>
<KeyWord name='APPEND'/>
<KeyWord name='APPL-ALERT'/>
<KeyWord name='APPL-ALERT-B'/>
<KeyWord name='APPL-ALERT-BO'/>
<KeyWord name='APPL-ALERT-BOX'/>
<KeyWord name='APPL-ALERT-BOXE'/>
<KeyWord name='APPL-ALERT-BOXES'/>
<KeyWord name='APPL-CONTEXT-ID'/>
<KeyWord name='APPSERVER-INFO'/>
<KeyWord name='APPSERVER-PASSWORD'/>
<KeyWord name='APPSERVER-USERID'/>
<KeyWord name='ARRAY-MESSAGE'/>
<KeyWord name='ASK-OVERWRITE'/>
<KeyWord name='ASYNC-REQUEST-COUNT'/>
<KeyWord name='ASYNC-REQUEST-HANDLE'/>
<KeyWord name='ATTACHED-PAIRLIST'/>
<KeyWord name='AUDIT-ENABLED'/>
<KeyWord name='AUDIT-EVENT-CONTEXT'/>
<KeyWord name='AUTHENTICATION-FAILED'/>
<KeyWord name='AUTO-COMP'/>
<KeyWord name='AUTO-COMPL'/>
<KeyWord name='AUTO-COMPLE'/>
<KeyWord name='AUTO-COMPLET'/>
<KeyWord name='AUTO-COMPLETI'/>
<KeyWord name='AUTO-COMPLETIO'/>
<KeyWord name='AUTO-COMPLETION'/>
<KeyWord name='AUTO-END-KEY'/>
<KeyWord name='AUTO-ENDKEY'/>
<KeyWord name='AUTO-GO'/>
<KeyWord name='AUTO-IND'/>
<KeyWord name='AUTO-INDE'/>
<KeyWord name='AUTO-INDEN'/>
<KeyWord name='AUTO-INDENT'/>
<KeyWord name='AUTO-RESIZE'/>
<KeyWord name='AUTO-SYNCHRONIZE'/>
<KeyWord name='AUTO-Z'/>
<KeyWord name='AUTO-ZA'/>
<KeyWord name='AUTO-ZAP'/>
<KeyWord name='AVAILABLE-FORMATS'/>
<KeyWord name='AVE'/>
<KeyWord name='AVER'/>
<KeyWord name='AVERA'/>
<KeyWord name='AVERAG'/>
<KeyWord name='AVERAGE'/>
<KeyWord name='AVG'/>
<KeyWord name='BACKWARD'/>
<KeyWord name='BACKWARDS'/>
<KeyWord name='BASE-ADE'/>
<KeyWord name='BASE-KEY'/>
<KeyWord name='BASE64-DECODE'/>
<KeyWord name='BASE64-ENCODE'/>
<KeyWord name='BATCH'/>
<KeyWord name='BATCH-M'/>
<KeyWord name='BATCH-MO'/>
<KeyWord name='BATCH-MOD'/>
<KeyWord name='BATCH-MODE'/>
<KeyWord name='BATCH-SIZE'/>
<KeyWord name='BEFORE-TABLE'/>
<KeyWord name='BEGIN-EVENT-GROUP'/>
<KeyWord name='BGC'/>
<KeyWord name='BGCO'/>
<KeyWord name='BGCOL'/>
<KeyWord name='BGCOLO'/>
<KeyWord name='BGCOLOR'/>
<KeyWord name='BINARY'/>
<KeyWord name='BIND'/>
<KeyWord name='BIND-WHERE'/>
<KeyWord name='BLOB'/>
<KeyWord name='BLOCK-ITERATION-DISPLAY'/>
<KeyWord name='BORDER-B'/>
<KeyWord name='BORDER-BO'/>
<KeyWord name='BORDER-BOT'/>
<KeyWord name='BORDER-BOTT'/>
<KeyWord name='BORDER-BOTTO'/>
<KeyWord name='BORDER-BOTTOM'/>
<KeyWord name='BORDER-BOTTOM-C'/>
<KeyWord name='BORDER-BOTTOM-CH'/>
<KeyWord name='BORDER-BOTTOM-CHA'/>
<KeyWord name='BORDER-BOTTOM-CHAR'/>
<KeyWord name='BORDER-BOTTOM-CHARS'/>
<KeyWord name='BORDER-BOTTOM-P'/>
<KeyWord name='BORDER-BOTTOM-PI'/>
<KeyWord name='BORDER-BOTTOM-PIX'/>
<KeyWord name='BORDER-BOTTOM-PIXE'/>
<KeyWord name='BORDER-BOTTOM-PIXEL'/>
<KeyWord name='BORDER-BOTTOM-PIXELS'/>
<KeyWord name='BORDER-L'/>
<KeyWord name='BORDER-LE'/>
<KeyWord name='BORDER-LEF'/>
<KeyWord name='BORDER-LEFT'/>
<KeyWord name='BORDER-LEFT-C'/>
<KeyWord name='BORDER-LEFT-CH'/>
<KeyWord name='BORDER-LEFT-CHA'/>
<KeyWord name='BORDER-LEFT-CHAR'/>
<KeyWord name='BORDER-LEFT-CHARS'/>
<KeyWord name='BORDER-LEFT-P'/>
<KeyWord name='BORDER-LEFT-PI'/>
<KeyWord name='BORDER-LEFT-PIX'/>
<KeyWord name='BORDER-LEFT-PIXE'/>
<KeyWord name='BORDER-LEFT-PIXEL'/>
<KeyWord name='BORDER-LEFT-PIXELS'/>
<KeyWord name='BORDER-R'/>
<KeyWord name='BORDER-RI'/>
<KeyWord name='BORDER-RIG'/>
<KeyWord name='BORDER-RIGH'/>
<KeyWord name='BORDER-RIGHT'/>
<KeyWord name='BORDER-RIGHT-C'/>
<KeyWord name='BORDER-RIGHT-CH'/>
<KeyWord name='BORDER-RIGHT-CHA'/>
<KeyWord name='BORDER-RIGHT-CHAR'/>
<KeyWord name='BORDER-RIGHT-CHARS'/>
<KeyWord name='BORDER-RIGHT-P'/>
<KeyWord name='BORDER-RIGHT-PI'/>
<KeyWord name='BORDER-RIGHT-PIX'/>
<KeyWord name='BORDER-RIGHT-PIXE'/>
<KeyWord name='BORDER-RIGHT-PIXEL'/>
<KeyWord name='BORDER-RIGHT-PIXELS'/>
<KeyWord name='BORDER-T'/>
<KeyWord name='BORDER-TO'/>
<KeyWord name='BORDER-TOP'/>
<KeyWord name='BORDER-TOP-C'/>
<KeyWord name='BORDER-TOP-CH'/>
<KeyWord name='BORDER-TOP-CHA'/>
<KeyWord name='BORDER-TOP-CHAR'/>
<KeyWord name='BORDER-TOP-CHARS'/>
<KeyWord name='BORDER-TOP-P'/>
<KeyWord name='BORDER-TOP-PI'/>
<KeyWord name='BORDER-TOP-PIX'/>
<KeyWord name='BORDER-TOP-PIXE'/>
<KeyWord name='BORDER-TOP-PIXEL'/>
<KeyWord name='BORDER-TOP-PIXELS'/>
<KeyWord name='BOTH'/>
<KeyWord name='BOTTOM'/>
<KeyWord name='BOX'/>
<KeyWord name='BOX-SELECT'/>
<KeyWord name='BOX-SELECTA'/>
<KeyWord name='BOX-SELECTAB'/>
<KeyWord name='BOX-SELECTABL'/>
<KeyWord name='BOX-SELECTABLE'/>
<KeyWord name='BUFFER-CHARS'/>
<KeyWord name='BUFFER-CREATE'/>
<KeyWord name='BUFFER-DELETE'/>
<KeyWord name='BUFFER-FIELD'/>
<KeyWord name='BUFFER-HANDLE'/>
<KeyWord name='BUFFER-LINES'/>
<KeyWord name='BUFFER-NAME'/>
<KeyWord name='BUFFER-RELEASE'/>
<KeyWord name='BUFFER-VALUE'/>
<KeyWord name='BY-POINTER'/>
<KeyWord name='BY-VALUE'/>
<KeyWord name='BY-VARIANT-POINTER'/>
<KeyWord name='CACHE'/>
<KeyWord name='CACHE-SIZE'/>
<KeyWord name='CALL-NAME'/>
<KeyWord name='CALL-TYPE'/>
<KeyWord name='CAN-CREATE'/>
<KeyWord name='CAN-DELETE'/>
<KeyWord name='CAN-QUERY'/>
<KeyWord name='CAN-READ'/>
<KeyWord name='CAN-SET'/>
<KeyWord name='CAN-WRITE'/>
<KeyWord name='CANCEL-BREAK'/>
<KeyWord name='CANCEL-BUTTON'/>
<KeyWord name='CAPS'/>
<KeyWord name='CAREFUL-PAINT'/>
<KeyWord name='CDECL'/>
<KeyWord name='CHAINED'/>
<KeyWord name='CHAR'/>
<KeyWord name='CHARA'/>
<KeyWord name='CHARAC'/>
<KeyWord name='CHARACT'/>
<KeyWord name='CHARACTE'/>
<KeyWord name='CHARACTER'/>
<KeyWord name='CHARACTER_LENGTH'/>
<KeyWord name='CHARSET'/>
<KeyWord name='CHECKED'/>
<KeyWord name='CLASS-TYPE'/>
<KeyWord name='CLEAR-APPL-CONTEXT'/>
<KeyWord name='CLEAR-LOG'/>
<KeyWord name='CLEAR-SELECT'/>
<KeyWord name='CLEAR-SELECTI'/>
<KeyWord name='CLEAR-SELECTIO'/>
<KeyWord name='CLEAR-SELECTION'/>
<KeyWord name='CLEAR-SORT-ARROW'/>
<KeyWord name='CLEAR-SORT-ARROWS'/>
<KeyWord name='CLIENT-CONNECTION-ID'/>
<KeyWord name='CLIENT-TTY'/>
<KeyWord name='CLIENT-TYPE'/>
<KeyWord name='CLIENT-WORKSTATION'/>
<KeyWord name='CLOSE-LOG'/>
<KeyWord name='CODE'/>
<KeyWord name='CODEPAGE'/>
<KeyWord name='CODEPAGE-CONVERT'/>
<KeyWord name='COL'/>
<KeyWord name='COL-OF'/>
<KeyWord name='COLLATE'/>
<KeyWord name='COLON-ALIGN'/>
<KeyWord name='COLON-ALIGNE'/>
<KeyWord name='COLON-ALIGNED'/>
<KeyWord name='COLOR-TABLE'/>
<KeyWord name='COLU'/>
<KeyWord name='COLUM'/>
<KeyWord name='COLUMN'/>
<KeyWord name='COLUMN-BGCOLOR'/>
<KeyWord name='COLUMN-DCOLOR'/>
<KeyWord name='COLUMN-FGCOLOR'/>
<KeyWord name='COLUMN-FONT'/>
<KeyWord name='COLUMN-MOVABLE'/>
<KeyWord name='COLUMN-OF'/>
<KeyWord name='COLUMN-PFCOLOR'/>
<KeyWord name='COLUMN-READ-ONLY'/>
<KeyWord name='COLUMN-RESIZABLE'/>
<KeyWord name='COLUMN-SCROLLING'/>
<KeyWord name='COM-HANDLE'/>
<KeyWord name='COM-SELF'/>
<KeyWord name='COMPARES'/>
<KeyWord name='CONFIG-NAME'/>
<KeyWord name='CONNECT'/>
<KeyWord name='CONTAINS'/>
<KeyWord name='CONTENTS'/>
<KeyWord name='CONTEXT'/>
<KeyWord name='CONTEXT-HELP-ID'/>
<KeyWord name='CONTEXT-POPUP'/>
<KeyWord name='CONTROL-BOX'/>
<KeyWord name='CONVERT'/>
<KeyWord name='CONVERT-3D-COLORS'/>
<KeyWord name='CONVERT-TO-OFFS'/>
<KeyWord name='CONVERT-TO-OFFSE'/>
<KeyWord name='CONVERT-TO-OFFSET'/>
<KeyWord name='COPY-DATASET'/>
<KeyWord name='COPY-SAX-ATTRIBUTES'/>
<KeyWord name='COPY-TEMP-TABLE'/>
<KeyWord name='COUNT'/>
<KeyWord name='CPCASE'/>
<KeyWord name='CPCOLL'/>
<KeyWord name='CPINTERNAL'/>
<KeyWord name='CPLOG'/>
<KeyWord name='CPPRINT'/>
<KeyWord name='CPRCODEIN'/>
<KeyWord name='CPRCODEOUT'/>
<KeyWord name='CPSTREAM'/>
<KeyWord name='CPTERM'/>
<KeyWord name='CRC-VALUE'/>
<KeyWord name='CREATE-LIKE'/>
<KeyWord name='CREATE-NODE-NAMESPACE'/>
<KeyWord name='CREATE-RESULT-LIST-ENTRY'/>
<KeyWord name='CREATE-TEST-FILE'/>
<KeyWord name='CURRENT-COLUMN'/>
<KeyWord name='CURRENT-ENV'/>
<KeyWord name='CURRENT-ENVI'/>
<KeyWord name='CURRENT-ENVIR'/>
<KeyWord name='CURRENT-ENVIRO'/>
<KeyWord name='CURRENT-ENVIRON'/>
<KeyWord name='CURRENT-ENVIRONM'/>
<KeyWord name='CURRENT-ENVIRONME'/>
<KeyWord name='CURRENT-ENVIRONMEN'/>
<KeyWord name='CURRENT-ENVIRONMENT'/>
<KeyWord name='CURRENT-ITERATION'/>
<KeyWord name='CURRENT-RESULT-ROW'/>
<KeyWord name='CURRENT-ROW-MODIFIED'/>
<KeyWord name='CURSOR-CHAR'/>
<KeyWord name='CURSOR-LINE'/>
<KeyWord name='CURSOR-OFFSET'/>
<KeyWord name='DATA-BIND'/>
<KeyWord name='DATA-ENTRY-RET'/>
<KeyWord name='DATA-ENTRY-RETU'/>
<KeyWord name='DATA-ENTRY-RETUR'/>
<KeyWord name='DATA-ENTRY-RETURN'/>
<KeyWord name='DATA-SOURCE-COMPLETE-MAP'/>
<KeyWord name='DATA-SOURCE-MODIFIED'/>
<KeyWord name='DATA-T'/>
<KeyWord name='DATA-TY'/>
<KeyWord name='DATA-TYP'/>
<KeyWord name='DATA-TYPE'/>
<KeyWord name='DATE'/>
<KeyWord name='DATE-F'/>
<KeyWord name='DATE-FO'/>
<KeyWord name='DATE-FOR'/>
<KeyWord name='DATE-FORM'/>
<KeyWord name='DATE-FORMA'/>
<KeyWord name='DATE-FORMAT'/>
<KeyWord name='DATETIME'/>
<KeyWord name='DATETIME-TZ'/>
<KeyWord name='DAY'/>
<KeyWord name='DB-REFERENCES'/>
<KeyWord name='DCOLOR'/>
<KeyWord name='DDE-ERROR'/>
<KeyWord name='DDE-I'/>
<KeyWord name='DDE-ID'/>
<KeyWord name='DDE-ITEM'/>
<KeyWord name='DDE-NAME'/>
<KeyWord name='DDE-TOPIC'/>
<KeyWord name='DEBU'/>
<KeyWord name='DEBUG'/>
<KeyWord name='DEBUG-ALERT'/>
<KeyWord name='DEC'/>
<KeyWord name='DECI'/>
<KeyWord name='DECIM'/>
<KeyWord name='DECIMA'/>
<KeyWord name='DECIMAL'/>
<KeyWord name='DECLARE-NAMESPACE'/>
<KeyWord name='DECRYPT'/>
<KeyWord name='DEFAULT-BUFFER-HANDLE'/>
<KeyWord name='DEFAULT-COMMIT'/>
<KeyWord name='DEFAULT-EX'/>
<KeyWord name='DEFAULT-EXT'/>
<KeyWord name='DEFAULT-EXTE'/>
<KeyWord name='DEFAULT-EXTEN'/>
<KeyWord name='DEFAULT-EXTENS'/>
<KeyWord name='DEFAULT-EXTENSI'/>
<KeyWord name='DEFAULT-EXTENSIO'/>
<KeyWord name='DEFAULT-EXTENSION'/>
<KeyWord name='DEFINE-USER-EVENT-MANAGER'/>
<KeyWord name='DEFINED'/>
<KeyWord name='DELETE-CHAR'/>
<KeyWord name='DELETE-CHARA'/>
<KeyWord name='DELETE-CHARAC'/>
<KeyWord name='DELETE-CHARACT'/>
<KeyWord name='DELETE-CHARACTE'/>
<KeyWord name='DELETE-CHARACTER'/>
<KeyWord name='DELETE-CURRENT-ROW'/>
<KeyWord name='DELETE-LINE'/>
<KeyWord name='DELETE-RESULT-LIST-ENTRY'/>
<KeyWord name='DELETE-SELECTED-ROW'/>
<KeyWord name='DELETE-SELECTED-ROWS'/>
<KeyWord name='DELETEPROCEDURE'/>
<KeyWord name='DESELECT-FOCUSED-ROW'/>
<KeyWord name='DESELECT-ROWS'/>
<KeyWord name='DESELECT-SELECTED-ROW'/>
<KeyWord name='DESELECTION'/>
<KeyWord name='DIR'/>
<KeyWord name='DISABLE-DUMP-TRIGGERS'/>
<KeyWord name='DISABLE-LOAD-TRIGGERS'/>
<KeyWord name='DISABLED'/>
<KeyWord name='DISPLAY-MESSAGE'/>
<KeyWord name='DISPLAY-T'/>
<KeyWord name='DISPLAY-TY'/>
<KeyWord name='DISPLAY-TYP'/>
<KeyWord name='DISPLAY-TYPE'/>
<KeyWord name='DOMAIN-DESCRIPTION'/>
<KeyWord name='DOMAIN-NAME'/>
<KeyWord name='DOMAIN-TYPE'/>
<KeyWord name='DOUBLE'/>
<KeyWord name='DRAG-ENABLED'/>
<KeyWord name='DROP-DOWN'/>
<KeyWord name='DROP-DOWN-LIST'/>
<KeyWord name='DROP-FILE-NOTIFY'/>
<KeyWord name='DROP-TARGET'/>
<KeyWord name='DYNAMIC'/>
<KeyWord name='DYNAMIC-NEXT-VALUE'/>
<KeyWord name='ECHO'/>
<KeyWord name='EDGE'/>
<KeyWord name='EDGE-C'/>
<KeyWord name='EDGE-CH'/>
<KeyWord name='EDGE-CHA'/>
<KeyWord name='EDGE-CHAR'/>
<KeyWord name='EDGE-CHARS'/>
<KeyWord name='EDGE-P'/>
<KeyWord name='EDGE-PI'/>
<KeyWord name='EDGE-PIX'/>
<KeyWord name='EDGE-PIXE'/>
<KeyWord name='EDGE-PIXEL'/>
<KeyWord name='EDGE-PIXELS'/>
<KeyWord name='EDIT-CAN-PASTE'/>
<KeyWord name='EDIT-CAN-UNDO'/>
<KeyWord name='EDIT-CLEAR'/>
<KeyWord name='EDIT-COPY'/>
<KeyWord name='EDIT-CUT'/>
<KeyWord name='EDIT-PASTE'/>
<KeyWord name='EDIT-UNDO'/>
<KeyWord name='EMPTY-TEMP-TABLE'/>
<KeyWord name='ENABLED-FIELDS'/>
<KeyWord name='ENCRYPT'/>
<KeyWord name='ENCRYPT-AUDIT-MAC-KEY'/>
<KeyWord name='ENCRYPTION-SALT'/>
<KeyWord name='END-DOCUMENT'/>
<KeyWord name='END-ELEMENT'/>
<KeyWord name='END-EVENT-GROUP'/>
<KeyWord name='END-FILE-DROP'/>
<KeyWord name='END-KEY'/>
<KeyWord name='END-MOVE'/>
<KeyWord name='END-RESIZE'/>
<KeyWord name='END-ROW-RESIZE'/>
<KeyWord name='END-USER-PROMPT'/>
<KeyWord name='ENTERED'/>
<KeyWord name='EQ'/>
<KeyWord name='ERROR'/>
<KeyWord name='ERROR-COL'/>
<KeyWord name='ERROR-COLU'/>
<KeyWord name='ERROR-COLUM'/>
<KeyWord name='ERROR-COLUMN'/>
<KeyWord name='ERROR-ROW'/>
<KeyWord name='EVENT-GROUP-ID'/>
<KeyWord name='EVENT-PROCEDURE-CONTEXT'/>
<KeyWord name='EVENT-T'/>
<KeyWord name='EVENT-TY'/>
<KeyWord name='EVENT-TYP'/>
<KeyWord name='EVENT-TYPE'/>
<KeyWord name='EXCLUSIVE-ID'/>
<KeyWord name='EXCLUSIVE-WEB-USER'/>
<KeyWord name='EXP'/>
<KeyWord name='EXPAND'/>
<KeyWord name='EXPANDABLE'/>
<KeyWord name='EXPLICIT'/>
<KeyWord name='EXPORT-PRINCIPAL'/>
<KeyWord name='EXTENDED'/>
<KeyWord name='EXTENT'/>
<KeyWord name='EXTERNAL'/>
<KeyWord name='FETCH-SELECTED-ROW'/>
<KeyWord name='FGC'/>
<KeyWord name='FGCO'/>
<KeyWord name='FGCOL'/>
<KeyWord name='FGCOLO'/>
<KeyWord name='FGCOLOR'/>
<KeyWord name='FILE'/>
<KeyWord name='FILE-CREATE-DATE'/>
<KeyWord name='FILE-CREATE-TIME'/>
<KeyWord name='FILE-MOD-DATE'/>
<KeyWord name='FILE-MOD-TIME'/>
<KeyWord name='FILE-NAME'/>
<KeyWord name='FILE-OFF'/>
<KeyWord name='FILE-OFFS'/>
<KeyWord name='FILE-OFFSE'/>
<KeyWord name='FILE-OFFSET'/>
<KeyWord name='FILE-SIZE'/>
<KeyWord name='FILE-TYPE'/>
<KeyWord name='FILENAME'/>
<KeyWord name='FILLED'/>
<KeyWord name='FILTERS'/>
<KeyWord name='FINAL'/>
<KeyWord name='FIND-BY-ROWID'/>
<KeyWord name='FIND-CURRENT'/>
<KeyWord name='FIND-FIRST'/>
<KeyWord name='FIND-LAST'/>
<KeyWord name='FIND-UNIQUE'/>
<KeyWord name='FINDER'/>
<KeyWord name='FIRST-ASYNCH-REQUEST'/>
<KeyWord name='FIRST-CHILD'/>
<KeyWord name='FIRST-COLUMN'/>
<KeyWord name='FIRST-OBJECT'/>
<KeyWord name='FIRST-PROC'/>
<KeyWord name='FIRST-PROCE'/>
<KeyWord name='FIRST-PROCED'/>
<KeyWord name='FIRST-PROCEDU'/>
<KeyWord name='FIRST-PROCEDUR'/>
<KeyWord name='FIRST-PROCEDURE'/>
<KeyWord name='FIRST-SERVER'/>
<KeyWord name='FIRST-TAB-I'/>
<KeyWord name='FIRST-TAB-IT'/>
<KeyWord name='FIRST-TAB-ITE'/>
<KeyWord name='FIRST-TAB-ITEM'/>
<KeyWord name='FIT-LAST-COLUMN'/>
<KeyWord name='FIXED-ONLY'/>
<KeyWord name='FLAT-BUTTON'/>
<KeyWord name='FLOAT'/>
<KeyWord name='FOCUSED-ROW'/>
<KeyWord name='FOCUSED-ROW-SELECTED'/>
<KeyWord name='FONT-TABLE'/>
<KeyWord name='FORCE-FILE'/>
<KeyWord name='FORE'/>
<KeyWord name='FOREG'/>
<KeyWord name='FOREGR'/>
<KeyWord name='FOREGRO'/>
<KeyWord name='FOREGROU'/>
<KeyWord name='FOREGROUN'/>
<KeyWord name='FOREGROUND'/>
<KeyWord name='FORM-LONG-INPUT'/>
<KeyWord name='FORMA'/>
<KeyWord name='FORMAT'/>
<KeyWord name='FORMATTE'/>
<KeyWord name='FORMATTED'/>
<KeyWord name='FORMINPUT'/>
<KeyWord name='FRAGMEN'/>
<KeyWord name='FRAGMENT'/>
<KeyWord name='FRAME-SPA'/>
<KeyWord name='FRAME-SPAC'/>
<KeyWord name='FRAME-SPACI'/>
<KeyWord name='FRAME-SPACIN'/>
<KeyWord name='FRAME-SPACING'/>
<KeyWord name='FRAME-X'/>
<KeyWord name='FRAME-Y'/>
<KeyWord name='FREQUENCY'/>
<KeyWord name='FULL-HEIGHT'/>
<KeyWord name='FULL-HEIGHT-C'/>
<KeyWord name='FULL-HEIGHT-CH'/>
<KeyWord name='FULL-HEIGHT-CHA'/>
<KeyWord name='FULL-HEIGHT-CHAR'/>
<KeyWord name='FULL-HEIGHT-CHARS'/>
<KeyWord name='FULL-HEIGHT-P'/>
<KeyWord name='FULL-HEIGHT-PI'/>
<KeyWord name='FULL-HEIGHT-PIX'/>
<KeyWord name='FULL-HEIGHT-PIXE'/>
<KeyWord name='FULL-HEIGHT-PIXEL'/>
<KeyWord name='FULL-HEIGHT-PIXELS'/>
<KeyWord name='FULL-PATHN'/>
<KeyWord name='FULL-PATHNA'/>
<KeyWord name='FULL-PATHNAM'/>
<KeyWord name='FULL-PATHNAME'/>
<KeyWord name='FULL-WIDTH'/>
<KeyWord name='FULL-WIDTH-C'/>
<KeyWord name='FULL-WIDTH-CH'/>
<KeyWord name='FULL-WIDTH-CHA'/>
<KeyWord name='FULL-WIDTH-CHAR'/>
<KeyWord name='FULL-WIDTH-CHARS'/>
<KeyWord name='FULL-WIDTH-P'/>
<KeyWord name='FULL-WIDTH-PI'/>
<KeyWord name='FULL-WIDTH-PIX'/>
<KeyWord name='FULL-WIDTH-PIXE'/>
<KeyWord name='FULL-WIDTH-PIXEL'/>
<KeyWord name='FULL-WIDTH-PIXELS'/>
<KeyWord name='GE'/>
<KeyWord name='GENERATE-MD5'/>
<KeyWord name='GENERATE-PBE-KEY'/>
<KeyWord name='GENERATE-PBE-SALT'/>
<KeyWord name='GENERATE-RANDOM-KEY'/>
<KeyWord name='GENERATE-UUID'/>
<KeyWord name='GET-ATTRIBUTE-NODE'/>
<KeyWord name='GET-BINARY-DATA'/>
<KeyWord name='GET-BITS'/>
<KeyWord name='GET-BLUE'/>
<KeyWord name='GET-BLUE-V'/>
<KeyWord name='GET-BLUE-VA'/>
<KeyWord name='GET-BLUE-VAL'/>
<KeyWord name='GET-BLUE-VALU'/>
<KeyWord name='GET-BLUE-VALUE'/>
<KeyWord name='GET-BROWSE-COLUMN'/>
<KeyWord name='GET-CALLBACK-PROC-CONTEXT'/>
<KeyWord name='GET-CALLBACK-PROC-NAME'/>
<KeyWord name='GET-CGI-LIST'/>
<KeyWord name='GET-CGI-LONG-VALUE'/>
<KeyWord name='GET-CGI-VALUE'/>
<KeyWord name='GET-CODEPAGE'/>
<KeyWord name='GET-COLLATION'/>
<KeyWord name='GET-CONFIG-VALUE'/>
<KeyWord name='GET-CURRENT'/>
<KeyWord name='GET-DOUBLE'/>
<KeyWord name='GET-DROPPED-FILE'/>
<KeyWord name='GET-DYNAMIC'/>
<KeyWord name='GET-FIRST'/>
<KeyWord name='GET-FLOAT'/>
<KeyWord name='GET-GREEN'/>
<KeyWord name='GET-GREEN-V'/>
<KeyWord name='GET-GREEN-VA'/>
<KeyWord name='GET-GREEN-VAL'/>
<KeyWord name='GET-GREEN-VALU'/>
<KeyWord name='GET-GREEN-VALUE'/>
<KeyWord name='GET-INDEX-BY-NAMESPACE-NAME'/>
<KeyWord name='GET-INDEX-BY-QNAME'/>
<KeyWord name='GET-INT64'/>
<KeyWord name='GET-ITERATION'/>
<KeyWord name='GET-LAST'/>
<KeyWord name='GET-LOCALNAME-BY-INDEX'/>
<KeyWord name='GET-LONG'/>
<KeyWord name='GET-MESSAGE'/>
<KeyWord name='GET-NEXT'/>
<KeyWord name='GET-NUMBER'/>
<KeyWord name='GET-POINTER-VALUE'/>
<KeyWord name='GET-PREV'/>
<KeyWord name='GET-PRINTERS'/>
<KeyWord name='GET-PROPERTY'/>
<KeyWord name='GET-QNAME-BY-INDEX'/>
<KeyWord name='GET-RED'/>
<KeyWord name='GET-RED-V'/>
<KeyWord name='GET-RED-VA'/>
<KeyWord name='GET-RED-VAL'/>
<KeyWord name='GET-RED-VALU'/>
<KeyWord name='GET-RED-VALUE'/>
<KeyWord name='GET-REPOSITIONED-ROW'/>
<KeyWord name='GET-RGB-VALUE'/>
<KeyWord name='GET-SELECTED'/>
<KeyWord name='GET-SELECTED-W'/>
<KeyWord name='GET-SELECTED-WI'/>
<KeyWord name='GET-SELECTED-WID'/>
<KeyWord name='GET-SELECTED-WIDG'/>
<KeyWord name='GET-SELECTED-WIDGE'/>
<KeyWord name='GET-SELECTED-WIDGET'/>
<KeyWord name='GET-SHORT'/>
<KeyWord name='GET-SIGNATURE'/>
<KeyWord name='GET-SIZE'/>
<KeyWord name='GET-STRING'/>
<KeyWord name='GET-TAB-ITEM'/>
<KeyWord name='GET-TEXT-HEIGHT'/>
<KeyWord name='GET-TEXT-HEIGHT-C'/>
<KeyWord name='GET-TEXT-HEIGHT-CH'/>
<KeyWord name='GET-TEXT-HEIGHT-CHA'/>
<KeyWord name='GET-TEXT-HEIGHT-CHAR'/>
<KeyWord name='GET-TEXT-HEIGHT-CHARS'/>
<KeyWord name='GET-TEXT-HEIGHT-P'/>
<KeyWord name='GET-TEXT-HEIGHT-PI'/>
<KeyWord name='GET-TEXT-HEIGHT-PIX'/>
<KeyWord name='GET-TEXT-HEIGHT-PIXE'/>
<KeyWord name='GET-TEXT-HEIGHT-PIXEL'/>
<KeyWord name='GET-TEXT-HEIGHT-PIXELS'/>
<KeyWord name='GET-TEXT-WIDTH'/>
<KeyWord name='GET-TEXT-WIDTH-C'/>
<KeyWord name='GET-TEXT-WIDTH-CH'/>
<KeyWord name='GET-TEXT-WIDTH-CHA'/>
<KeyWord name='GET-TEXT-WIDTH-CHAR'/>
<KeyWord name='GET-TEXT-WIDTH-CHARS'/>
<KeyWord name='GET-TEXT-WIDTH-P'/>
<KeyWord name='GET-TEXT-WIDTH-PI'/>
<KeyWord name='GET-TEXT-WIDTH-PIX'/>
<KeyWord name='GET-TEXT-WIDTH-PIXE'/>
<KeyWord name='GET-TEXT-WIDTH-PIXEL'/>
<KeyWord name='GET-TEXT-WIDTH-PIXELS'/>
<KeyWord name='GET-TYPE-BY-INDEX'/>
<KeyWord name='GET-TYPE-BY-NAMESPACE-NAME'/>
<KeyWord name='GET-TYPE-BY-QNAME'/>
<KeyWord name='GET-UNSIGNED-LONG'/>
<KeyWord name='GET-UNSIGNED-SHORT'/>
<KeyWord name='GET-URI-BY-INDEX'/>
<KeyWord name='GET-VALUE-BY-INDEX'/>
<KeyWord name='GET-VALUE-BY-NAMESPACE-NAME'/>
<KeyWord name='GET-VALUE-BY-QNAME'/>
<KeyWord name='GET-WAIT-STATE'/>
<KeyWord name='GRID-FACTOR-H'/>
<KeyWord name='GRID-FACTOR-HO'/>
<KeyWord name='GRID-FACTOR-HOR'/>
<KeyWord name='GRID-FACTOR-HORI'/>
<KeyWord name='GRID-FACTOR-HORIZ'/>
<KeyWord name='GRID-FACTOR-HORIZO'/>
<KeyWord name='GRID-FACTOR-HORIZON'/>
<KeyWord name='GRID-FACTOR-HORIZONT'/>
<KeyWord name='GRID-FACTOR-HORIZONTA'/>
<KeyWord name='GRID-FACTOR-HORIZONTAL'/>
<KeyWord name='GRID-FACTOR-V'/>
<KeyWord name='GRID-FACTOR-VE'/>
<KeyWord name='GRID-FACTOR-VER'/>
<KeyWord name='GRID-FACTOR-VERT'/>
<KeyWord name='GRID-FACTOR-VERTI'/>
<KeyWord name='GRID-FACTOR-VERTIC'/>
<KeyWord name='GRID-FACTOR-VERTICA'/>
<KeyWord name='GRID-FACTOR-VERTICAL'/>
<KeyWord name='GRID-SNAP'/>
<KeyWord name='GRID-UNIT-HEIGHT'/>
<KeyWord name='GRID-UNIT-HEIGHT-C'/>
<KeyWord name='GRID-UNIT-HEIGHT-CH'/>
<KeyWord name='GRID-UNIT-HEIGHT-CHA'/>
<KeyWord name='GRID-UNIT-HEIGHT-CHAR'/>
<KeyWord name='GRID-UNIT-HEIGHT-CHARS'/>
<KeyWord name='GRID-UNIT-HEIGHT-P'/>
<KeyWord name='GRID-UNIT-HEIGHT-PI'/>
<KeyWord name='GRID-UNIT-HEIGHT-PIX'/>
<KeyWord name='GRID-UNIT-HEIGHT-PIXE'/>
<KeyWord name='GRID-UNIT-HEIGHT-PIXEL'/>
<KeyWord name='GRID-UNIT-HEIGHT-PIXELS'/>
<KeyWord name='GRID-UNIT-WIDTH'/>
<KeyWord name='GRID-UNIT-WIDTH-C'/>
<KeyWord name='GRID-UNIT-WIDTH-CH'/>
<KeyWord name='GRID-UNIT-WIDTH-CHA'/>
<KeyWord name='GRID-UNIT-WIDTH-CHAR'/>
<KeyWord name='GRID-UNIT-WIDTH-CHARS'/>
<KeyWord name='GRID-UNIT-WIDTH-P'/>
<KeyWord name='GRID-UNIT-WIDTH-PI'/>
<KeyWord name='GRID-UNIT-WIDTH-PIX'/>
<KeyWord name='GRID-UNIT-WIDTH-PIXE'/>
<KeyWord name='GRID-UNIT-WIDTH-PIXEL'/>
<KeyWord name='GRID-UNIT-WIDTH-PIXELS'/>
<KeyWord name='GRID-VISIBLE'/>
<KeyWord name='GROUP-BOX'/>
<KeyWord name='GT'/>
<KeyWord name='GUID'/>
<KeyWord name='HANDLE'/>
<KeyWord name='HANDLER'/>
<KeyWord name='HAS-RECORDS'/>
<KeyWord name='HEIGHT'/>
<KeyWord name='HEIGHT-C'/>
<KeyWord name='HEIGHT-CH'/>
<KeyWord name='HEIGHT-CHA'/>
<KeyWord name='HEIGHT-CHAR'/>
<KeyWord name='HEIGHT-CHARS'/>
<KeyWord name='HEIGHT-P'/>
<KeyWord name='HEIGHT-PH'/>
<KeyWord name='HEIGHT-PHT'/>
<KeyWord name='HEIGHT-PHT-P'/>
<KeyWord name='HEIGHT-PHT-PI'/>
<KeyWord name='HEIGHT-PHT-PIX'/>
<KeyWord name='HEIGHT-PHT-PIXE'/>
<KeyWord name='HEIGHT-PHT-PIXEL'/>
<KeyWord name='HEIGHT-PI'/>
<KeyWord name='HEIGHT-PIX'/>
<KeyWord name='HEIGHT-PIXE'/>
<KeyWord name='HEIGHT-PIXEL'/>
<KeyWord name='HEIGHT-PIXELS'/>
<KeyWord name='HEIGHTI'/>
<KeyWord name='HEIGHTIG'/>
<KeyWord name='HEIGHTIGH'/>
<KeyWord name='HEIGHTIGHT'/>
<KeyWord name='HEIGHTIGHT-C'/>
<KeyWord name='HEIGHTIGHT-CH'/>
<KeyWord name='HEIGHTIGHT-CHA'/>
<KeyWord name='HEIGHTIGHT-CHAR'/>
<KeyWord name='HELP-TOPIC'/>
<KeyWord name='HEX-DECODE'/>
<KeyWord name='HEX-ENCODE'/>
<KeyWord name='HIDDEN'/>
<KeyWord name='HORI'/>
<KeyWord name='HORIZ'/>
<KeyWord name='HORIZO'/>
<KeyWord name='HORIZON'/>
<KeyWord name='HORIZONT'/>
<KeyWord name='HORIZONTA'/>
<KeyWord name='HORIZONTAL'/>
<KeyWord name='HTML-CHARSET'/>
<KeyWord name='HTML-END-OF-LINE'/>
<KeyWord name='HTML-END-OF-PAGE'/>
<KeyWord name='HTML-FRAME-BEGIN'/>
<KeyWord name='HTML-FRAME-END'/>
<KeyWord name='HTML-HEADER-BEGIN'/>
<KeyWord name='HTML-HEADER-END'/>
<KeyWord name='HTML-TITLE-BEGIN'/>
<KeyWord name='HTML-TITLE-END'/>
<KeyWord name='HWND'/>
<KeyWord name='ICON'/>
<KeyWord name='IMAGE-DOWN'/>
<KeyWord name='IMAGE-INSENSITIVE'/>
<KeyWord name='IMAGE-SIZE'/>
<KeyWord name='IMAGE-SIZE-C'/>
<KeyWord name='IMAGE-SIZE-CH'/>
<KeyWord name='IMAGE-SIZE-CHA'/>
<KeyWord name='IMAGE-SIZE-CHAR'/>
<KeyWord name='IMAGE-SIZE-CHARS'/>
<KeyWord name='IMAGE-SIZE-P'/>
<KeyWord name='IMAGE-SIZE-PI'/>
<KeyWord name='IMAGE-SIZE-PIX'/>
<KeyWord name='IMAGE-SIZE-PIXE'/>
<KeyWord name='IMAGE-SIZE-PIXEL'/>
<KeyWord name='IMAGE-SIZE-PIXELS'/>
<KeyWord name='IMAGE-UP'/>
<KeyWord name='IMMEDIATE-DISPLAY'/>
<KeyWord name='IMPLEMENTS'/>
<KeyWord name='IMPORT-PRINCIPAL'/>
<KeyWord name='IN-HANDLE'/>
<KeyWord name='INCREMENT-EXCLUSIVE-ID'/>
<KeyWord name='INDEX-HINT'/>
<KeyWord name='INDEX-INFORMATION'/>
<KeyWord name='INDEXED-REPOSITION'/>
<KeyWord name='INFO'/>
<KeyWord name='INFOR'/>
<KeyWord name='INFORM'/>
<KeyWord name='INFORMA'/>
<KeyWord name='INFORMAT'/>
<KeyWord name='INFORMATI'/>
<KeyWord name='INFORMATIO'/>
<KeyWord name='INFORMATION'/>
<KeyWord name='INHERIT-BGC'/>
<KeyWord name='INHERIT-BGCO'/>
<KeyWord name='INHERIT-BGCOL'/>
<KeyWord name='INHERIT-BGCOLO'/>
<KeyWord name='INHERIT-BGCOLOR'/>
<KeyWord name='INHERIT-FGC'/>
<KeyWord name='INHERIT-FGCO'/>
<KeyWord name='INHERIT-FGCOL'/>
<KeyWord name='INHERIT-FGCOLO'/>
<KeyWord name='INHERIT-FGCOLOR'/>
<KeyWord name='INHERITS'/>
<KeyWord name='INIT'/>
<KeyWord name='INITI'/>
<KeyWord name='INITIA'/>
<KeyWord name='INITIAL'/>
<KeyWord name='INITIAL-DIR'/>
<KeyWord name='INITIAL-FILTER'/>
<KeyWord name='INITIALIZE-DOCUMENT-TYPE'/>
<KeyWord name='INNER-CHARS'/>
<KeyWord name='INNER-LINES'/>
<KeyWord name='INPUT-VALUE'/>
<KeyWord name='INSERT-ATTRIBUTE'/>
<KeyWord name='INSERT-B'/>
<KeyWord name='INSERT-BA'/>
<KeyWord name='INSERT-BAC'/>
<KeyWord name='INSERT-BACK'/>
<KeyWord name='INSERT-BACKT'/>
<KeyWord name='INSERT-BACKTA'/>
<KeyWord name='INSERT-BACKTAB'/>
<KeyWord name='INSERT-FILE'/>
<KeyWord name='INSERT-ROW'/>
<KeyWord name='INSERT-STRING'/>
<KeyWord name='INSERT-T'/>
<KeyWord name='INSERT-TA'/>
<KeyWord name='INSERT-TAB'/>
<KeyWord name='INT'/>
<KeyWord name='INT64'/>
<KeyWord name='INTE'/>
<KeyWord name='INTEG'/>
<KeyWord name='INTEGE'/>
<KeyWord name='INTEGER'/>
<KeyWord name='INTERNAL-ENTRIES'/>
<KeyWord name='INTERVAL'/>
<KeyWord name='INVOKE'/>
<KeyWord name='IS-CLAS'/>
<KeyWord name='IS-CLASS'/>
<KeyWord name='IS-CODEPAGE-FIXED'/>
<KeyWord name='IS-COLUMN-CODEPAGE'/>
<KeyWord name='IS-OPEN'/>
<KeyWord name='IS-PARAMETER-SET'/>
<KeyWord name='IS-ROW-SELECTED'/>
<KeyWord name='IS-SELECTED'/>
<KeyWord name='ITEMS-PER-ROW'/>
<KeyWord name='JOIN-BY-SQLDB'/>
<KeyWord name='KEEP-CONNECTION-OPEN'/>
<KeyWord name='KEEP-FRAME-Z'/>
<KeyWord name='KEEP-FRAME-Z-O'/>
<KeyWord name='KEEP-FRAME-Z-OR'/>
<KeyWord name='KEEP-FRAME-Z-ORD'/>
<KeyWord name='KEEP-FRAME-Z-ORDE'/>
<KeyWord name='KEEP-FRAME-Z-ORDER'/>
<KeyWord name='KEEP-MESSAGES'/>
<KeyWord name='KEEP-SECURITY-CACHE'/>
<KeyWord name='KEEP-TAB-ORDER'/>
<KeyWord name='KEY'/>
<KeyWord name='KEYWORD-ALL'/>
<KeyWord name='LABEL-BGC'/>
<KeyWord name='LABEL-BGCO'/>
<KeyWord name='LABEL-BGCOL'/>
<KeyWord name='LABEL-BGCOLO'/>
<KeyWord name='LABEL-BGCOLOR'/>
<KeyWord name='LABEL-DC'/>
<KeyWord name='LABEL-DCO'/>
<KeyWord name='LABEL-DCOL'/>
<KeyWord name='LABEL-DCOLO'/>
<KeyWord name='LABEL-DCOLOR'/>
<KeyWord name='LABEL-FGC'/>
<KeyWord name='LABEL-FGCO'/>
<KeyWord name='LABEL-FGCOL'/>
<KeyWord name='LABEL-FGCOLO'/>
<KeyWord name='LABEL-FGCOLOR'/>
<KeyWord name='LABEL-FONT'/>
<KeyWord name='LABEL-PFC'/>
<KeyWord name='LABEL-PFCO'/>
<KeyWord name='LABEL-PFCOL'/>
<KeyWord name='LABEL-PFCOLO'/>
<KeyWord name='LABEL-PFCOLOR'/>
<KeyWord name='LABELS'/>
<KeyWord name='LANDSCAPE'/>
<KeyWord name='LANGUAGE'/>
<KeyWord name='LANGUAGES'/>
<KeyWord name='LARGE'/>
<KeyWord name='LARGE-TO-SMALL'/>
<KeyWord name='LAST-ASYNCH-REQUEST'/>
<KeyWord name='LAST-BATCH'/>
<KeyWord name='LAST-CHILD'/>
<KeyWord name='LAST-OBJECT'/>
<KeyWord name='LAST-PROCE'/>
<KeyWord name='LAST-PROCED'/>
<KeyWord name='LAST-PROCEDU'/>
<KeyWord name='LAST-PROCEDUR'/>
<KeyWord name='LAST-PROCEDURE'/>
<KeyWord name='LAST-SERVER'/>
<KeyWord name='LAST-TAB-I'/>
<KeyWord name='LAST-TAB-IT'/>
<KeyWord name='LAST-TAB-ITE'/>
<KeyWord name='LAST-TAB-ITEM'/>
<KeyWord name='LC'/>
<KeyWord name='LE'/>
<KeyWord name='LEFT'/>
<KeyWord name='LEFT-ALIGN'/>
<KeyWord name='LEFT-ALIGNE'/>
<KeyWord name='LEFT-ALIGNED'/>
<KeyWord name='LEFT-TRIM'/>
<KeyWord name='LENGTH'/>
<KeyWord name='LINE'/>
<KeyWord name='LIST-EVENTS'/>
<KeyWord name='LIST-ITEM-PAIRS'/>
<KeyWord name='LIST-ITEMS'/>
<KeyWord name='LIST-PROPERTY-NAMES'/>
<KeyWord name='LIST-QUERY-ATTRS'/>
<KeyWord name='LIST-SET-ATTRS'/>
<KeyWord name='LIST-WIDGETS'/>
<KeyWord name='LITERAL-QUESTION'/>
<KeyWord name='LOAD-DOMAINS'/>
<KeyWord name='LOAD-ICON'/>
<KeyWord name='LOAD-IMAGE'/>
<KeyWord name='LOAD-IMAGE-DOWN'/>
<KeyWord name='LOAD-IMAGE-INSENSITIVE'/>
<KeyWord name='LOAD-IMAGE-UP'/>
<KeyWord name='LOAD-MOUSE-P'/>
<KeyWord name='LOAD-MOUSE-PO'/>
<KeyWord name='LOAD-MOUSE-POI'/>
<KeyWord name='LOAD-MOUSE-POIN'/>
<KeyWord name='LOAD-MOUSE-POINT'/>
<KeyWord name='LOAD-MOUSE-POINTE'/>
<KeyWord name='LOAD-MOUSE-POINTER'/>
<KeyWord name='LOAD-SMALL-ICON'/>
<KeyWord name='LOB-DIR'/>
<KeyWord name='LOCAL-NAME'/>
<KeyWord name='LOCATOR-COLUMN-NUMBER'/>
<KeyWord name='LOCATOR-LINE-NUMBER'/>
<KeyWord name='LOCATOR-PUBLIC-ID'/>
<KeyWord name='LOCATOR-SYSTEM-ID'/>
<KeyWord name='LOCATOR-TYPE'/>
<KeyWord name='LOCK-REGISTRATION'/>
<KeyWord name='LOG'/>
<KeyWord name='LOG-AUDIT-EVENT'/>
<KeyWord name='LOGICAL'/>
<KeyWord name='LOGIN-EXPIRATION-TIMESTAMP'/>
<KeyWord name='LOGIN-HOST'/>
<KeyWord name='LOGIN-STATE'/>
<KeyWord name='LOGOUT'/>
<KeyWord name='LONGCHAR'/>
<KeyWord name='LOOKAHEAD'/>
<KeyWord name='LT'/>
<KeyWord name='MANDATORY'/>
<KeyWord name='MANUAL-HIGHLIGHT'/>
<KeyWord name='MARGIN-EXTRA'/>
<KeyWord name='MARGIN-HEIGHT'/>
<KeyWord name='MARGIN-HEIGHT-C'/>
<KeyWord name='MARGIN-HEIGHT-CH'/>
<KeyWord name='MARGIN-HEIGHT-CHA'/>
<KeyWord name='MARGIN-HEIGHT-CHAR'/>
<KeyWord name='MARGIN-HEIGHT-CHARS'/>
<KeyWord name='MARGIN-HEIGHT-P'/>
<KeyWord name='MARGIN-HEIGHT-PI'/>
<KeyWord name='MARGIN-HEIGHT-PIX'/>
<KeyWord name='MARGIN-HEIGHT-PIXE'/>
<KeyWord name='MARGIN-HEIGHT-PIXEL'/>
<KeyWord name='MARGIN-HEIGHT-PIXELS'/>
<KeyWord name='MARGIN-WIDTH'/>
<KeyWord name='MARGIN-WIDTH-C'/>
<KeyWord name='MARGIN-WIDTH-CH'/>
<KeyWord name='MARGIN-WIDTH-CHA'/>
<KeyWord name='MARGIN-WIDTH-CHAR'/>
<KeyWord name='MARGIN-WIDTH-CHARS'/>
<KeyWord name='MARGIN-WIDTH-P'/>
<KeyWord name='MARGIN-WIDTH-PI'/>
<KeyWord name='MARGIN-WIDTH-PIX'/>
<KeyWord name='MARGIN-WIDTH-PIXE'/>
<KeyWord name='MARGIN-WIDTH-PIXEL'/>
<KeyWord name='MARGIN-WIDTH-PIXELS'/>
<KeyWord name='MATCHES'/>
<KeyWord name='MAX'/>
<KeyWord name='MAX-BUTTON'/>
<KeyWord name='MAX-CHARS'/>
<KeyWord name='MAX-DATA-GUESS'/>
<KeyWord name='MAX-HEIGHT'/>
<KeyWord name='MAX-HEIGHT-C'/>
<KeyWord name='MAX-HEIGHT-CH'/>
<KeyWord name='MAX-HEIGHT-CHA'/>
<KeyWord name='MAX-HEIGHT-CHAR'/>
<KeyWord name='MAX-HEIGHT-CHARS'/>
<KeyWord name='MAX-HEIGHT-P'/>
<KeyWord name='MAX-HEIGHT-PI'/>
<KeyWord name='MAX-HEIGHT-PIX'/>
<KeyWord name='MAX-HEIGHT-PIXE'/>
<KeyWord name='MAX-HEIGHT-PIXEL'/>
<KeyWord name='MAX-HEIGHT-PIXELS'/>
<KeyWord name='MAX-ROWS'/>
<KeyWord name='MAX-SIZE'/>
<KeyWord name='MAX-VAL'/>
<KeyWord name='MAX-VALU'/>
<KeyWord name='MAX-VALUE'/>
<KeyWord name='MAX-WIDTH'/>
<KeyWord name='MAX-WIDTH-C'/>
<KeyWord name='MAX-WIDTH-CH'/>
<KeyWord name='MAX-WIDTH-CHA'/>
<KeyWord name='MAX-WIDTH-CHAR'/>
<KeyWord name='MAX-WIDTH-CHARS'/>
<KeyWord name='MAX-WIDTH-P'/>
<KeyWord name='MAX-WIDTH-PI'/>
<KeyWord name='MAX-WIDTH-PIX'/>
<KeyWord name='MAX-WIDTH-PIXE'/>
<KeyWord name='MAX-WIDTH-PIXEL'/>
<KeyWord name='MAX-WIDTH-PIXELS'/>
<KeyWord name='MAXI'/>
<KeyWord name='MAXIM'/>
<KeyWord name='MAXIMIZE'/>
<KeyWord name='MAXIMU'/>
<KeyWord name='MAXIMUM'/>
<KeyWord name='MD5-DIGEST'/>
<KeyWord name='MEMPTR'/>
<KeyWord name='MEMPTR-TO-NODE-VALUE'/>
<KeyWord name='MENU-BAR'/>
<KeyWord name='MENU-K'/>
<KeyWord name='MENU-KE'/>
<KeyWord name='MENU-KEY'/>
<KeyWord name='MENU-M'/>
<KeyWord name='MENU-MO'/>
<KeyWord name='MENU-MOU'/>
<KeyWord name='MENU-MOUS'/>
<KeyWord name='MENU-MOUSE'/>
<KeyWord name='MENUBAR'/>
<KeyWord name='MERGE-BY-FIELD'/>
<KeyWord name='MESSAGE-AREA'/>
<KeyWord name='MESSAGE-AREA-FONT'/>
<KeyWord name='MESSAGES'/>
<KeyWord name='MIN'/>
<KeyWord name='MIN-BUTTON'/>
<KeyWord name='MIN-COLUMN-WIDTH-C'/>
<KeyWord name='MIN-COLUMN-WIDTH-CH'/>
<KeyWord name='MIN-COLUMN-WIDTH-CHA'/>
<KeyWord name='MIN-COLUMN-WIDTH-CHAR'/>
<KeyWord name='MIN-COLUMN-WIDTH-CHARS'/>
<KeyWord name='MIN-COLUMN-WIDTH-P'/>
<KeyWord name='MIN-COLUMN-WIDTH-PI'/>
<KeyWord name='MIN-COLUMN-WIDTH-PIX'/>
<KeyWord name='MIN-COLUMN-WIDTH-PIXE'/>
<KeyWord name='MIN-COLUMN-WIDTH-PIXEL'/>
<KeyWord name='MIN-COLUMN-WIDTH-PIXELS'/>
<KeyWord name='MIN-HEIGHT'/>
<KeyWord name='MIN-HEIGHT-C'/>
<KeyWord name='MIN-HEIGHT-CH'/>
<KeyWord name='MIN-HEIGHT-CHA'/>
<KeyWord name='MIN-HEIGHT-CHAR'/>
<KeyWord name='MIN-HEIGHT-CHARS'/>
<KeyWord name='MIN-HEIGHT-P'/>
<KeyWord name='MIN-HEIGHT-PI'/>
<KeyWord name='MIN-HEIGHT-PIX'/>
<KeyWord name='MIN-HEIGHT-PIXE'/>
<KeyWord name='MIN-HEIGHT-PIXEL'/>
<KeyWord name='MIN-HEIGHT-PIXELS'/>
<KeyWord name='MIN-SIZE'/>
<KeyWord name='MIN-VAL'/>
<KeyWord name='MIN-VALU'/>
<KeyWord name='MIN-VALUE'/>
<KeyWord name='MIN-WIDTH'/>
<KeyWord name='MIN-WIDTH-C'/>
<KeyWord name='MIN-WIDTH-CH'/>
<KeyWord name='MIN-WIDTH-CHA'/>
<KeyWord name='MIN-WIDTH-CHAR'/>
<KeyWord name='MIN-WIDTH-CHARS'/>
<KeyWord name='MIN-WIDTH-P'/>
<KeyWord name='MIN-WIDTH-PI'/>
<KeyWord name='MIN-WIDTH-PIX'/>
<KeyWord name='MIN-WIDTH-PIXE'/>
<KeyWord name='MIN-WIDTH-PIXEL'/>
<KeyWord name='MIN-WIDTH-PIXELS'/>
<KeyWord name='MINI'/>
<KeyWord name='MINIM'/>
<KeyWord name='MINIMU'/>
<KeyWord name='MINIMUM'/>
<KeyWord name='MOD'/>
<KeyWord name='MODIFIED'/>
<KeyWord name='MODU'/>
<KeyWord name='MODUL'/>
<KeyWord name='MODULO'/>
<KeyWord name='MONTH'/>
<KeyWord name='MOUSE-P'/>
<KeyWord name='MOUSE-PO'/>
<KeyWord name='MOUSE-POI'/>
<KeyWord name='MOUSE-POIN'/>
<KeyWord name='MOUSE-POINT'/>
<KeyWord name='MOUSE-POINTE'/>
<KeyWord name='MOUSE-POINTER'/>
<KeyWord name='MOVABLE'/>
<KeyWord name='MOVE-AFTER'/>
<KeyWord name='MOVE-AFTER-T'/>
<KeyWord name='MOVE-AFTER-TA'/>
<KeyWord name='MOVE-AFTER-TAB'/>
<KeyWord name='MOVE-AFTER-TAB-I'/>
<KeyWord name='MOVE-AFTER-TAB-IT'/>
<KeyWord name='MOVE-AFTER-TAB-ITE'/>
<KeyWord name='MOVE-AFTER-TAB-ITEM'/>
<KeyWord name='MOVE-BEFOR'/>
<KeyWord name='MOVE-BEFORE'/>
<KeyWord name='MOVE-BEFORE-T'/>
<KeyWord name='MOVE-BEFORE-TA'/>
<KeyWord name='MOVE-BEFORE-TAB'/>
<KeyWord name='MOVE-BEFORE-TAB-I'/>
<KeyWord name='MOVE-BEFORE-TAB-IT'/>
<KeyWord name='MOVE-BEFORE-TAB-ITE'/>
<KeyWord name='MOVE-BEFORE-TAB-ITEM'/>
<KeyWord name='MOVE-COL'/>
<KeyWord name='MOVE-COLU'/>
<KeyWord name='MOVE-COLUM'/>
<KeyWord name='MOVE-COLUMN'/>
<KeyWord name='MOVE-TO-B'/>
<KeyWord name='MOVE-TO-BO'/>
<KeyWord name='MOVE-TO-BOT'/>
<KeyWord name='MOVE-TO-BOTT'/>
<KeyWord name='MOVE-TO-BOTTO'/>
<KeyWord name='MOVE-TO-BOTTOM'/>
<KeyWord name='MOVE-TO-EOF'/>
<KeyWord name='MOVE-TO-T'/>
<KeyWord name='MOVE-TO-TO'/>
<KeyWord name='MOVE-TO-TOP'/>
<KeyWord name='MTIME'/>
<KeyWord name='MULTI-COMPILE'/>
<KeyWord name='MULTIPLE'/>
<KeyWord name='MULTIPLE-KEY'/>
<KeyWord name='MULTITASKING-INTERVAL'/>
<KeyWord name='MUST-EXIST'/>
<KeyWord name='NAME'/>
<KeyWord name='NATIVE'/>
<KeyWord name='NE'/>
<KeyWord name='NEEDS-APPSERVER-PROMPT'/>
<KeyWord name='NEEDS-PROMPT'/>
<KeyWord name='NEW-INSTANCE'/>
<KeyWord name='NEW-ROW'/>
<KeyWord name='NEXT-COLUMN'/>
<KeyWord name='NEXT-ROWID'/>
<KeyWord name='NEXT-SIBLING'/>
<KeyWord name='NEXT-TAB-I'/>
<KeyWord name='NEXT-TAB-IT'/>
<KeyWord name='NEXT-TAB-ITE'/>
<KeyWord name='NEXT-TAB-ITEM'/>
<KeyWord name='NEXT-VALUE'/>
<KeyWord name='NO-APPLY'/>
<KeyWord name='NO-ARRAY-MESSAGE'/>
<KeyWord name='NO-ASSIGN'/>
<KeyWord name='NO-AUTO-VALIDATE'/>
<KeyWord name='NO-BIND-WHERE'/>
<KeyWord name='NO-BOX'/>
<KeyWord name='NO-CONSOLE'/>
<KeyWord name='NO-CONVERT'/>
<KeyWord name='NO-CONVERT-3D-COLORS'/>
<KeyWord name='NO-CURRENT-VALUE'/>
<KeyWord name='NO-DEBUG'/>
<KeyWord name='NO-DRAG'/>
<KeyWord name='NO-ECHO'/>
<KeyWord name='NO-EMPTY-SPACE'/>
<KeyWord name='NO-HELP'/>
<KeyWord name='NO-INDEX-HINT'/>
<KeyWord name='NO-INHERIT-BGC'/>
<KeyWord name='NO-INHERIT-BGCO'/>
<KeyWord name='NO-INHERIT-BGCOL'/>
<KeyWord name='NO-INHERIT-BGCOLO'/>
<KeyWord name='NO-INHERIT-BGCOLOR'/>
<KeyWord name='NO-INHERIT-FGC'/>
<KeyWord name='NO-INHERIT-FGCO'/>
<KeyWord name='NO-INHERIT-FGCOL'/>
<KeyWord name='NO-INHERIT-FGCOLO'/>
<KeyWord name='NO-INHERIT-FGCOLOR'/>
<KeyWord name='NO-JOIN-BY-SQLDB'/>
<KeyWord name='NO-LOOKAHEAD'/>
<KeyWord name='NO-ROW-MARKERS'/>
<KeyWord name='NO-SCROLLBAR-VERTICAL'/>
<KeyWord name='NO-SEPARATE-CONNECTION'/>
<KeyWord name='NO-SEPARATORS'/>
<KeyWord name='NO-TAB-STOP'/>
<KeyWord name='NO-UND'/>
<KeyWord name='NO-UNDE'/>
<KeyWord name='NO-UNDER'/>
<KeyWord name='NO-UNDERL'/>
<KeyWord name='NO-UNDERLI'/>
<KeyWord name='NO-UNDERLIN'/>
<KeyWord name='NO-UNDERLINE'/>
<KeyWord name='NO-WORD-WRAP'/>
<KeyWord name='NODE-VALUE-TO-MEMPTR'/>
<KeyWord name='NONAMESPACE-SCHEMA-LOCATION'/>
<KeyWord name='NONE'/>
<KeyWord name='NORMAL'/>
<KeyWord name='NORMALIZE'/>
<KeyWord name='NUM-BUFFERS'/>
<KeyWord name='NUM-BUT'/>
<KeyWord name='NUM-BUTT'/>
<KeyWord name='NUM-BUTTO'/>
<KeyWord name='NUM-BUTTON'/>
<KeyWord name='NUM-BUTTONS'/>
<KeyWord name='NUM-COL'/>
<KeyWord name='NUM-COLU'/>
<KeyWord name='NUM-COLUM'/>
<KeyWord name='NUM-COLUMN'/>
<KeyWord name='NUM-COLUMNS'/>
<KeyWord name='NUM-COPIES'/>
<KeyWord name='NUM-DROPPED-FILES'/>
<KeyWord name='NUM-FIELDS'/>
<KeyWord name='NUM-FORMATS'/>
<KeyWord name='NUM-ITEMS'/>
<KeyWord name='NUM-ITERATIONS'/>
<KeyWord name='NUM-LINES'/>
<KeyWord name='NUM-LOCKED-COL'/>
<KeyWord name='NUM-LOCKED-COLU'/>
<KeyWord name='NUM-LOCKED-COLUM'/>
<KeyWord name='NUM-LOCKED-COLUMN'/>
<KeyWord name='NUM-LOCKED-COLUMNS'/>
<KeyWord name='NUM-MESSAGES'/>
<KeyWord name='NUM-PARAMETERS'/>
<KeyWord name='NUM-REFERENCES'/>
<KeyWord name='NUM-REPLACED'/>
<KeyWord name='NUM-RESULTS'/>
<KeyWord name='NUM-SELECTED'/>
<KeyWord name='NUM-SELECTED-ROWS'/>
<KeyWord name='NUM-SELECTED-W'/>
<KeyWord name='NUM-SELECTED-WI'/>
<KeyWord name='NUM-SELECTED-WID'/>
<KeyWord name='NUM-SELECTED-WIDG'/>
<KeyWord name='NUM-SELECTED-WIDGE'/>
<KeyWord name='NUM-SELECTED-WIDGET'/>
<KeyWord name='NUM-SELECTED-WIDGETS'/>
<KeyWord name='NUM-TABS'/>
<KeyWord name='NUM-TO-RETAIN'/>
<KeyWord name='NUM-VISIBLE-COLUMNS'/>
<KeyWord name='NUMERIC'/>
<KeyWord name='NUMERIC-F'/>
<KeyWord name='NUMERIC-FO'/>
<KeyWord name='NUMERIC-FOR'/>
<KeyWord name='NUMERIC-FORM'/>
<KeyWord name='NUMERIC-FORMA'/>
<KeyWord name='NUMERIC-FORMAT'/>
<KeyWord name='OCTET-LENGTH'/>
<KeyWord name='OK'/>
<KeyWord name='OK-CANCEL'/>
<KeyWord name='ON-FRAME'/>
<KeyWord name='ON-FRAME-B'/>
<KeyWord name='ON-FRAME-BO'/>
<KeyWord name='ON-FRAME-BOR'/>
<KeyWord name='ON-FRAME-BORD'/>
<KeyWord name='ON-FRAME-BORDE'/>
<KeyWord name='ON-FRAME-BORDER'/>
<KeyWord name='ORDERED-JOIN'/>
<KeyWord name='ORDINAL'/>
<KeyWord name='OS-DRIVE'/>
<KeyWord name='OS-DRIVES'/>
<KeyWord name='OS-ERROR'/>
<KeyWord name='OS-GETENV'/>
<KeyWord name='OUTER-JOIN'/>
<KeyWord name='OVERRIDE'/>
<KeyWord name='OWNER'/>
<KeyWord name='PAGE-SIZE'/>
<KeyWord name='PAGE-WID'/>
<KeyWord name='PAGE-WIDT'/>
<KeyWord name='PAGE-WIDTH'/>
<KeyWord name='PAGED'/>
<KeyWord name='PARENT'/>
<KeyWord name='PARSE-STATUS'/>
<KeyWord name='PARTIAL-KEY'/>
<KeyWord name='PASCAL'/>
<KeyWord name='PATHNAME'/>
<KeyWord name='PBE-HASH-ALG'/>
<KeyWord name='PBE-HASH-ALGO'/>
<KeyWord name='PBE-HASH-ALGOR'/>
<KeyWord name='PBE-HASH-ALGORI'/>
<KeyWord name='PBE-HASH-ALGORIT'/>
<KeyWord name='PBE-HASH-ALGORITH'/>
<KeyWord name='PBE-HASH-ALGORITHM'/>
<KeyWord name='PBE-KEY-ROUNDS'/>
<KeyWord name='PERSISTENT-CACHE-DISABLED'/>
<KeyWord name='PFC'/>
<KeyWord name='PFCO'/>
<KeyWord name='PFCOL'/>
<KeyWord name='PFCOLO'/>
<KeyWord name='PFCOLOR'/>
<KeyWord name='PIXELS-PER-COL'/>
<KeyWord name='PIXELS-PER-COLU'/>
<KeyWord name='PIXELS-PER-COLUM'/>
<KeyWord name='PIXELS-PER-COLUMN'/>
<KeyWord name='PIXELS-PER-ROW'/>
<KeyWord name='POPUP-M'/>
<KeyWord name='POPUP-ME'/>
<KeyWord name='POPUP-MEN'/>
<KeyWord name='POPUP-MENU'/>
<KeyWord name='POPUP-O'/>
<KeyWord name='POPUP-ON'/>
<KeyWord name='POPUP-ONL'/>
<KeyWord name='POPUP-ONLY'/>
<KeyWord name='PORTRAIT'/>
<KeyWord name='POSITION'/>
<KeyWord name='PRECISION'/>
<KeyWord name='PREFER-DATASET'/>
<KeyWord name='PREPARE-STRING'/>
<KeyWord name='PREPARED'/>
<KeyWord name='PREV-COLUMN'/>
<KeyWord name='PREV-SIBLING'/>
<KeyWord name='PREV-TAB-I'/>
<KeyWord name='PREV-TAB-IT'/>
<KeyWord name='PREV-TAB-ITE'/>
<KeyWord name='PREV-TAB-ITEM'/>
<KeyWord name='PRIMARY'/>
<KeyWord name='PRINTER'/>
<KeyWord name='PRINTER-CONTROL-HANDLE'/>
<KeyWord name='PRINTER-HDC'/>
<KeyWord name='PRINTER-NAME'/>
<KeyWord name='PRINTER-PORT'/>
<KeyWord name='PRIVATE'/>
<KeyWord name='PRIVATE-D'/>
<KeyWord name='PRIVATE-DA'/>
<KeyWord name='PRIVATE-DAT'/>
<KeyWord name='PRIVATE-DATA'/>
<KeyWord name='proc-text'/>
<KeyWord name='proc-text-buffer'/>
<KeyWord name='PROGRESS-S'/>
<KeyWord name='PROGRESS-SO'/>
<KeyWord name='PROGRESS-SOU'/>
<KeyWord name='PROGRESS-SOUR'/>
<KeyWord name='PROGRESS-SOURC'/>
<KeyWord name='PROGRESS-SOURCE'/>
<KeyWord name='PROMPT'/>
<KeyWord name='PROTECTED'/>
<KeyWord name='PROXY'/>
<KeyWord name='PROXY-PASSWORD'/>
<KeyWord name='PROXY-USERID'/>
<KeyWord name='PUBLIC'/>
<KeyWord name='PUBLIC-ID'/>
<KeyWord name='PUBLISHED-EVENTS'/>
<KeyWord name='PUT-STRING'/>
<KeyWord name='QUERY-OPEN'/>
<KeyWord name='QUERY-PREPARE'/>
<KeyWord name='QUESTION'/>
<KeyWord name='QUOTER'/>
<KeyWord name='RANDOM'/>
<KeyWord name='READ-FILE'/>
<KeyWord name='READ-ONLY'/>
<KeyWord name='READ-XML'/>
<KeyWord name='READ-XMLSCHEMA'/>
<KeyWord name='REAL'/>
<KeyWord name='RECORD-LENGTH'/>
<KeyWord name='RECURSIVE'/>
<KeyWord name='REFERENCE-ONLY'/>
<KeyWord name='REFRESH'/>
<KeyWord name='REFRESH-AUDIT-POLICY'/>
<KeyWord name='REFRESHABLE'/>
<KeyWord name='REGISTER-DOMAIN'/>
<KeyWord name='REJECTED'/>
<KeyWord name='REMOTE'/>
<KeyWord name='REMOVE-EVENTS-PROCEDURE'/>
<KeyWord name='REMOVE-SUPER-PROCEDURE'/>
<KeyWord name='REPLACE'/>
<KeyWord name='REPLACE-SELECTION-TEXT'/>
<KeyWord name='REPOSITION-MODE'/>
<KeyWord name='RESET'/>
<KeyWord name='RESIZA'/>
<KeyWord name='RESIZAB'/>
<KeyWord name='RESIZABL'/>
<KeyWord name='RESIZABLE'/>
<KeyWord name='RESIZE'/>
<KeyWord name='RESTART-ROWID'/>
<KeyWord name='RETAIN-SHAPE'/>
<KeyWord name='RETRY-CANCEL'/>
<KeyWord name='RETURN-ALIGN'/>
<KeyWord name='RETURN-INS'/>
<KeyWord name='RETURN-INSE'/>
<KeyWord name='RETURN-INSER'/>
<KeyWord name='RETURN-INSERT'/>
<KeyWord name='RETURN-INSERTE'/>
<KeyWord name='RETURN-INSERTED'/>
<KeyWord name='RETURN-TO-START-DI'/>
<KeyWord name='RETURN-TO-START-DIR'/>
<KeyWord name='RETURN-VAL'/>
<KeyWord name='RETURN-VALU'/>
<KeyWord name='RETURN-VALUE'/>
<KeyWord name='RETURN-VALUE-DATA-TYPE'/>
<KeyWord name='REVERSE-FROM'/>
<KeyWord name='RGB-VALUE'/>
<KeyWord name='RIGHT'/>
<KeyWord name='RIGHT-ALIGNED'/>
<KeyWord name='RIGHT-TRIM'/>
<KeyWord name='ROLES'/>
<KeyWord name='ROUND'/>
<KeyWord name='ROUNDED'/>
<KeyWord name='ROW'/>
<KeyWord name='ROW-HEIGHT-CHARS'/>
<KeyWord name='ROW-HEIGHT-PIXELS'/>
<KeyWord name='ROW-MARKERS'/>
<KeyWord name='ROW-OF'/>
<KeyWord name='ROW-RESIZABLE'/>
<KeyWord name='ROW-STATE'/>
<KeyWord name='RULE'/>
<KeyWord name='SAVE-AS'/>
<KeyWord name='SAVE-FILE'/>
<KeyWord name='SAVECACHE'/>
<KeyWord name='SAX-PARSE'/>
<KeyWord name='SAX-PARSE-FIRST'/>
<KeyWord name='SAX-PARSE-NEXT'/>
<KeyWord name='SAX-WRITER'/>
<KeyWord name='SCHEMA-LOCATION'/>
<KeyWord name='SCHEMA-MARSHAL'/>
<KeyWord name='SCHEMA-PATH'/>
<KeyWord name='SCREEN-VAL'/>
<KeyWord name='SCREEN-VALU'/>
<KeyWord name='SCREEN-VALUE'/>
<KeyWord name='SCROLL-BARS'/>
<KeyWord name='SCROLL-DELTA'/>
<KeyWord name='SCROLL-OFFSET'/>
<KeyWord name='SCROLL-TO-CURRENT-ROW'/>
<KeyWord name='SCROLL-TO-I'/>
<KeyWord name='SCROLL-TO-IT'/>
<KeyWord name='SCROLL-TO-ITE'/>
<KeyWord name='SCROLL-TO-ITEM'/>
<KeyWord name='SCROLL-TO-SELECTED-ROW'/>
<KeyWord name='SCROLLABLE'/>
<KeyWord name='SCROLLBAR-H'/>
<KeyWord name='SCROLLBAR-HO'/>
<KeyWord name='SCROLLBAR-HOR'/>
<KeyWord name='SCROLLBAR-HORI'/>
<KeyWord name='SCROLLBAR-HORIZ'/>
<KeyWord name='SCROLLBAR-HORIZO'/>
<KeyWord name='SCROLLBAR-HORIZON'/>
<KeyWord name='SCROLLBAR-HORIZONT'/>
<KeyWord name='SCROLLBAR-HORIZONTA'/>
<KeyWord name='SCROLLBAR-HORIZONTAL'/>
<KeyWord name='SCROLLBAR-V'/>
<KeyWord name='SCROLLBAR-VE'/>
<KeyWord name='SCROLLBAR-VER'/>
<KeyWord name='SCROLLBAR-VERT'/>
<KeyWord name='SCROLLBAR-VERTI'/>
<KeyWord name='SCROLLBAR-VERTIC'/>
<KeyWord name='SCROLLBAR-VERTICA'/>
<KeyWord name='SCROLLBAR-VERTICAL'/>
<KeyWord name='SCROLLED-ROW-POS'/>
<KeyWord name='SCROLLED-ROW-POSI'/>
<KeyWord name='SCROLLED-ROW-POSIT'/>
<KeyWord name='SCROLLED-ROW-POSITI'/>
<KeyWord name='SCROLLED-ROW-POSITIO'/>
<KeyWord name='SCROLLED-ROW-POSITION'/>
<KeyWord name='SCROLLING'/>
<KeyWord name='SEAL'/>
<KeyWord name='SEAL-TIMESTAMP'/>
<KeyWord name='SECTION'/>
<KeyWord name='SELECT-ALL'/>
<KeyWord name='SELECT-FOCUSED-ROW'/>
<KeyWord name='SELECT-NEXT-ROW'/>
<KeyWord name='SELECT-PREV-ROW'/>
<KeyWord name='SELECT-ROW'/>
<KeyWord name='SELECTABLE'/>
<KeyWord name='SELECTED'/>
<KeyWord name='SELECTION'/>
<KeyWord name='SELECTION-END'/>
<KeyWord name='SELECTION-START'/>
<KeyWord name='SELECTION-TEXT'/>
<KeyWord name='send-sql'/>
<KeyWord name='send-sql-s'/>
<KeyWord name='send-sql-st'/>
<KeyWord name='send-sql-sta'/>
<KeyWord name='send-sql-stat'/>
<KeyWord name='send-sql-state'/>
<KeyWord name='send-sql-statem'/>
<KeyWord name='send-sql-stateme'/>
<KeyWord name='send-sql-statemen'/>
<KeyWord name='send-sql-statement'/>
<KeyWord name='SENSITIVE'/>
<KeyWord name='SEPARATE-CONNECTION'/>
<KeyWord name='SEPARATOR-FGCOLOR'/>
<KeyWord name='SEPARATORS'/>
<KeyWord name='SERVER'/>
<KeyWord name='SERVER-CONNECTION-BOUND'/>
<KeyWord name='SERVER-CONNECTION-BOUND-REQUEST'/>
<KeyWord name='SERVER-CONNECTION-CONTEXT'/>
<KeyWord name='SERVER-CONNECTION-ID'/>
<KeyWord name='SERVER-OPERATING-MODE'/>
<KeyWord name='SESSION-ID'/>
<KeyWord name='SET-APPL-CONTEXT'/>
<KeyWord name='SET-ATTRIBUTE-NODE'/>
<KeyWord name='SET-BLUE'/>
<KeyWord name='SET-BLUE-V'/>
<KeyWord name='SET-BLUE-VA'/>
<KeyWord name='SET-BLUE-VAL'/>
<KeyWord name='SET-BLUE-VALU'/>
<KeyWord name='SET-BLUE-VALUE'/>
<KeyWord name='SET-BREAK'/>
<KeyWord name='SET-BUFFERS'/>
<KeyWord name='SET-CALLBACK'/>
<KeyWord name='SET-CLIENT'/>
<KeyWord name='SET-COMMIT'/>
<KeyWord name='SET-CONTENTS'/>
<KeyWord name='SET-CURRENT-VALUE'/>
<KeyWord name='SET-DB-CLIENT'/>
<KeyWord name='SET-DYNAMIC'/>
<KeyWord name='SET-EVENT-MANAGER-OPTION'/>
<KeyWord name='SET-GREEN'/>
<KeyWord name='SET-GREEN-V'/>
<KeyWord name='SET-GREEN-VA'/>
<KeyWord name='SET-GREEN-VAL'/>
<KeyWord name='SET-GREEN-VALU'/>
<KeyWord name='SET-GREEN-VALUE'/>
<KeyWord name='SET-INPUT-SOURCE'/>
<KeyWord name='SET-OPTION'/>
<KeyWord name='SET-OUTPUT-DESTINATION'/>
<KeyWord name='SET-PARAMETER'/>
<KeyWord name='SET-PROPERTY'/>
<KeyWord name='SET-RED'/>
<KeyWord name='SET-RED-V'/>
<KeyWord name='SET-RED-VA'/>
<KeyWord name='SET-RED-VAL'/>
<KeyWord name='SET-RED-VALU'/>
<KeyWord name='SET-RED-VALUE'/>
<KeyWord name='SET-REPOSITIONED-ROW'/>
<KeyWord name='SET-RGB-VALUE'/>
<KeyWord name='SET-ROLLBACK'/>
<KeyWord name='SET-SELECTION'/>
<KeyWord name='SET-SORT-ARROW'/>
<KeyWord name='SET-WAIT-STATE'/>
<KeyWord name='SHA1-DIGEST'/>
<KeyWord name='SHOW-IN-TASKBAR'/>
<KeyWord name='SIDE-LAB'/>
<KeyWord name='SIDE-LABE'/>
<KeyWord name='SIDE-LABEL'/>
<KeyWord name='SIDE-LABEL-H'/>
<KeyWord name='SIDE-LABEL-HA'/>
<KeyWord name='SIDE-LABEL-HAN'/>
<KeyWord name='SIDE-LABEL-HAND'/>
<KeyWord name='SIDE-LABEL-HANDL'/>
<KeyWord name='SIDE-LABEL-HANDLE'/>
<KeyWord name='SIDE-LABELS'/>
<KeyWord name='SILENT'/>
<KeyWord name='SIMPLE'/>
<KeyWord name='SINGLE'/>
<KeyWord name='SIZE'/>
<KeyWord name='SIZE-C'/>
<KeyWord name='SIZE-CH'/>
<KeyWord name='SIZE-CHA'/>
<KeyWord name='SIZE-CHAR'/>
<KeyWord name='SIZE-CHARS'/>
<KeyWord name='SIZE-P'/>
<KeyWord name='SIZE-PI'/>
<KeyWord name='SIZE-PIX'/>
<KeyWord name='SIZE-PIXE'/>
<KeyWord name='SIZE-PIXEL'/>
<KeyWord name='SIZE-PIXELS'/>
<KeyWord name='SMALL-ICON'/>
<KeyWord name='SMALL-TITLE'/>
<KeyWord name='SMALLINT'/>
<KeyWord name='SORT'/>
<KeyWord name='SORT-ASCENDING'/>
<KeyWord name='SORT-NUMBER'/>
<KeyWord name='SOURCE'/>
<KeyWord name='SOURCE-PROCEDURE'/>
<KeyWord name='SQL'/>
<KeyWord name='SQRT'/>
<KeyWord name='SSL-SERVER-NAME'/>
<KeyWord name='STANDALONE'/>
<KeyWord name='START-DOCUMENT'/>
<KeyWord name='START-ELEMENT'/>
<KeyWord name='START-MOVE'/>
<KeyWord name='START-RESIZE'/>
<KeyWord name='START-ROW-RESIZE'/>
<KeyWord name='STATE-DETAIL'/>
<KeyWord name='STATUS-AREA'/>
<KeyWord name='STATUS-AREA-FONT'/>
<KeyWord name='STDCALL'/>
<KeyWord name='STOP-PARSING'/>
<KeyWord name='STOPPE'/>
<KeyWord name='STOPPED'/>
<KeyWord name='STRETCH-TO-FIT'/>
<KeyWord name='STRICT'/>
<KeyWord name='STRING'/>
<KeyWord name='STRING-VALUE'/>
<KeyWord name='STRING-XREF'/>
<KeyWord name='SUB-AVE'/>
<KeyWord name='SUB-AVER'/>
<KeyWord name='SUB-AVERA'/>
<KeyWord name='SUB-AVERAG'/>
<KeyWord name='SUB-AVERAGE'/>
<KeyWord name='SUB-COUNT'/>
<KeyWord name='SUB-MAXIMUM'/>
<KeyWord name='SUB-MENU-HELP'/>
<KeyWord name='SUB-MIN'/>
<KeyWord name='SUB-MINI'/>
<KeyWord name='SUB-MINIM'/>
<KeyWord name='SUB-MINIMU'/>
<KeyWord name='SUB-MINIMUM'/>
<KeyWord name='SUB-TOTAL'/>
<KeyWord name='SUBST'/>
<KeyWord name='SUBSTI'/>
<KeyWord name='SUBSTIT'/>
<KeyWord name='SUBSTITU'/>
<KeyWord name='SUBSTITUT'/>
<KeyWord name='SUBSTITUTE'/>
<KeyWord name='SUBSTR'/>
<KeyWord name='SUBSTRI'/>
<KeyWord name='SUBSTRIN'/>
<KeyWord name='SUBSTRING'/>
<KeyWord name='SUBTYPE'/>
<KeyWord name='SUM'/>
<KeyWord name='SUM-MAX'/>
<KeyWord name='SUM-MAXI'/>
<KeyWord name='SUM-MAXIM'/>
<KeyWord name='SUM-MAXIMU'/>
<KeyWord name='SUPER-PROCEDURES'/>
<KeyWord name='SUPPRESS-NAMESPACE-PROCESSING'/>
<KeyWord name='SUPPRESS-W'/>
<KeyWord name='SUPPRESS-WA'/>
<KeyWord name='SUPPRESS-WAR'/>
<KeyWord name='SUPPRESS-WARN'/>
<KeyWord name='SUPPRESS-WARNI'/>
<KeyWord name='SUPPRESS-WARNIN'/>
<KeyWord name='SUPPRESS-WARNING'/>
<KeyWord name='SUPPRESS-WARNINGS'/>
<KeyWord name='SYMMETRIC-ENCRYPTION-ALGORITHM'/>
<KeyWord name='SYMMETRIC-ENCRYPTION-IV'/>
<KeyWord name='SYMMETRIC-ENCRYPTION-KEY'/>
<KeyWord name='SYMMETRIC-SUPPORT'/>
<KeyWord name='SYSTEM-ALERT'/>
<KeyWord name='SYSTEM-ALERT-B'/>
<KeyWord name='SYSTEM-ALERT-BO'/>
<KeyWord name='SYSTEM-ALERT-BOX'/>
<KeyWord name='SYSTEM-ALERT-BOXE'/>
<KeyWord name='SYSTEM-ALERT-BOXES'/>
<KeyWord name='SYSTEM-ID'/>
<KeyWord name='TAB-POSITION'/>
<KeyWord name='TAB-STOP'/>
<KeyWord name='TABLE-HANDLE'/>
<KeyWord name='TARGET'/>
<KeyWord name='TARGET-PROCEDURE'/>
<KeyWord name='TEMP-DIR'/>
<KeyWord name='TEMP-DIRE'/>
<KeyWord name='TEMP-DIREC'/>
<KeyWord name='TEMP-DIRECT'/>
<KeyWord name='TEMP-DIRECTO'/>
<KeyWord name='TEMP-DIRECTOR'/>
<KeyWord name='TEMP-DIRECTORY'/>
<KeyWord name='TEMP-TABLE-PREPARE'/>
<KeyWord name='TEXT-SEG-GROW'/>
<KeyWord name='TEXT-SELECTED'/>
<KeyWord name='THREE-D'/>
<KeyWord name='THRU'/>
<KeyWord name='TIC-MARKS'/>
<KeyWord name='TIME-SOURCE'/>
<KeyWord name='TIMEZONE'/>
<KeyWord name='TITLE-BGC'/>
<KeyWord name='TITLE-BGCO'/>
<KeyWord name='TITLE-BGCOL'/>
<KeyWord name='TITLE-BGCOLO'/>
<KeyWord name='TITLE-BGCOLOR'/>
<KeyWord name='TITLE-DC'/>
<KeyWord name='TITLE-DCO'/>
<KeyWord name='TITLE-DCOL'/>
<KeyWord name='TITLE-DCOLO'/>
<KeyWord name='TITLE-DCOLOR'/>
<KeyWord name='TITLE-FGC'/>
<KeyWord name='TITLE-FGCO'/>
<KeyWord name='TITLE-FGCOL'/>
<KeyWord name='TITLE-FGCOLO'/>
<KeyWord name='TITLE-FGCOLOR'/>
<KeyWord name='TITLE-FO'/>
<KeyWord name='TITLE-FON'/>
<KeyWord name='TITLE-FONT'/>
<KeyWord name='TODAY'/>
<KeyWord name='TOOLTIP'/>
<KeyWord name='TOOLTIPS'/>
<KeyWord name='TOTAL'/>
<KeyWord name='TRAILING'/>
<KeyWord name='TRANS-INIT-PROCEDURE'/>
<KeyWord name='TRANSPARENT'/>
<KeyWord name='TRUNC'/>
<KeyWord name='TRUNCA'/>
<KeyWord name='TRUNCAT'/>
<KeyWord name='TRUNCATE'/>
<KeyWord name='TYPE'/>
<KeyWord name='TYPE-OF'/>
<KeyWord name='UNBUFF'/>
<KeyWord name='UNBUFFE'/>
<KeyWord name='UNBUFFER'/>
<KeyWord name='UNBUFFERE'/>
<KeyWord name='UNBUFFERED'/>
<KeyWord name='UNIQUE-ID'/>
<KeyWord name='UNIQUE-MATCH'/>
<KeyWord name='UNLESS-HIDDEN'/>
<KeyWord name='UNSIGNED-LONG'/>
<KeyWord name='UPDATE-ATTRIBUTE'/>
<KeyWord name='URL'/>
<KeyWord name='URL-DECODE'/>
<KeyWord name='URL-ENCODE'/>
<KeyWord name='URL-PASSWORD'/>
<KeyWord name='URL-USERID'/>
<KeyWord name='USE-DICT-EXPS'/>
<KeyWord name='USE-FILENAME'/>
<KeyWord name='USE-REVVIDEO'/>
<KeyWord name='USE-TEXT'/>
<KeyWord name='USE-UNDERLINE'/>
<KeyWord name='USE-WIDGET-POOL'/>
<KeyWord name='USER'/>
<KeyWord name='USER-ID'/>
<KeyWord name='V6DISPLAY'/>
<KeyWord name='VALID-EVENT'/>
<KeyWord name='VALID-HANDLE'/>
<KeyWord name='VALID-OBJECT'/>
<KeyWord name='VALIDATE'/>
<KeyWord name='VALIDATE-EXPRESSION'/>
<KeyWord name='VALIDATE-MESSAGE'/>
<KeyWord name='VALIDATE-SEAL'/>
<KeyWord name='VALIDATION-ENABLED'/>
<KeyWord name='VERBOSE'/>
<KeyWord name='VERSION'/>
<KeyWord name='VERT'/>
<KeyWord name='VERTI'/>
<KeyWord name='VERTIC'/>
<KeyWord name='VERTICA'/>
<KeyWord name='VERTICAL'/>
<KeyWord name='VIEW-FIRST-COLUMN-ON-REOPEN'/>
<KeyWord name='VIRTUAL-HEIGHT'/>
<KeyWord name='VIRTUAL-HEIGHT-C'/>
<KeyWord name='VIRTUAL-HEIGHT-CH'/>
<KeyWord name='VIRTUAL-HEIGHT-CHA'/>
<KeyWord name='VIRTUAL-HEIGHT-CHAR'/>
<KeyWord name='VIRTUAL-HEIGHT-CHARS'/>
<KeyWord name='VIRTUAL-HEIGHT-P'/>
<KeyWord name='VIRTUAL-HEIGHT-PI'/>
<KeyWord name='VIRTUAL-HEIGHT-PIX'/>
<KeyWord name='VIRTUAL-HEIGHT-PIXE'/>
<KeyWord name='VIRTUAL-HEIGHT-PIXEL'/>
<KeyWord name='VIRTUAL-HEIGHT-PIXELS'/>
<KeyWord name='VIRTUAL-WIDTH'/>
<KeyWord name='VIRTUAL-WIDTH-C'/>
<KeyWord name='VIRTUAL-WIDTH-CH'/>
<KeyWord name='VIRTUAL-WIDTH-CHA'/>
<KeyWord name='VIRTUAL-WIDTH-CHAR'/>
<KeyWord name='VIRTUAL-WIDTH-CHARS'/>
<KeyWord name='VIRTUAL-WIDTH-P'/>
<KeyWord name='VIRTUAL-WIDTH-PI'/>
<KeyWord name='VIRTUAL-WIDTH-PIX'/>
<KeyWord name='VIRTUAL-WIDTH-PIXE'/>
<KeyWord name='VIRTUAL-WIDTH-PIXEL'/>
<KeyWord name='VIRTUAL-WIDTH-PIXELS'/>
<KeyWord name='VISIBLE'/>
<KeyWord name='VOID'/>
<KeyWord name='WAIT'/>
<KeyWord name='WARNING'/>
<KeyWord name='WEB-CONTEXT'/>
<KeyWord name='WEEKDAY'/>
<KeyWord name='WIDGET'/>
<KeyWord name='WIDGET-E'/>
<KeyWord name='WIDGET-EN'/>
<KeyWord name='WIDGET-ENT'/>
<KeyWord name='WIDGET-ENTE'/>
<KeyWord name='WIDGET-ENTER'/>
<KeyWord name='WIDGET-HANDLE'/>
<KeyWord name='WIDGET-ID'/>
<KeyWord name='WIDGET-L'/>
<KeyWord name='WIDGET-LE'/>
<KeyWord name='WIDGET-LEA'/>
<KeyWord name='WIDGET-LEAV'/>
<KeyWord name='WIDGET-LEAVE'/>
<KeyWord name='WIDTH'/>
<KeyWord name='WIDTH-C'/>
<KeyWord name='WIDTH-CH'/>
<KeyWord name='WIDTH-CHA'/>
<KeyWord name='WIDTH-CHAR'/>
<KeyWord name='WIDTH-CHARS'/>
<KeyWord name='WIDTH-P'/>
<KeyWord name='WIDTH-PI'/>
<KeyWord name='WIDTH-PIX'/>
<KeyWord name='WIDTH-PIXE'/>
<KeyWord name='WIDTH-PIXEL'/>
<KeyWord name='WIDTH-PIXELS'/>
<KeyWord name='WINDOW-CLOSE'/>
<KeyWord name='WINDOW-NAME'/>
<KeyWord name='WINDOW-STA'/>
<KeyWord name='WINDOW-STAT'/>
<KeyWord name='WINDOW-STATE'/>
<KeyWord name='WINDOW-SYSTEM'/>
<KeyWord name='WORD-INDEX'/>
<KeyWord name='WORD-WRAP'/>
<KeyWord name='WORK-AREA-HEIGHT-PIXELS'/>
<KeyWord name='WORK-AREA-WIDTH-PIXELS'/>
<KeyWord name='WORK-AREA-X'/>
<KeyWord name='WORK-AREA-Y'/>
<KeyWord name='WRITE-CDATA'/>
<KeyWord name='WRITE-CHARACTERS'/>
<KeyWord name='WRITE-COMMENT'/>
<KeyWord name='WRITE-DATA-ELEMENT'/>
<KeyWord name='WRITE-EMPTY-ELEMENT'/>
<KeyWord name='WRITE-ENTITY-REF'/>
<KeyWord name='WRITE-EXTERNAL-DTD'/>
<KeyWord name='WRITE-FRAGMENT'/>
<KeyWord name='WRITE-MESSAGE'/>
<KeyWord name='WRITE-PROCESSING-INSTRUCTION'/>
<KeyWord name='WRITE-STATUS'/>
<KeyWord name='WRITE-XML'/>
<KeyWord name='WRITE-XMLSCHEMA'/>
<KeyWord name='X'/>
<KeyWord name='X-OF'/>
<KeyWord name='XML-DATA-TYPE'/>
<KeyWord name='XML-NODE-TYPE'/>
<KeyWord name='XML-SCHEMA-PATH'/>
<KeyWord name='XML-SUPPRESS-NAMESPACE-PROCESSING'/>
<KeyWord name='Y'/>
<KeyWord name='Y-OF'/>
<KeyWord name='YEAR'/>
<KeyWord name='YEAR-OFFSET'/>
<KeyWord name='YES-NO'/>
<KeyWord name='YES-NO-CANCEL'/>
<KeyWord name='IF'/>
<KeyWord name='THEN'/>
<KeyWord name='FIND'/>
<KeyWord name='FIRST'/>
<KeyWord name='LAST'/>
<KeyWord name='UPDATE'/>
<KeyWord name='ELSE'/>
<KeyWord name='WHERE'/>
<KeyWord name='AND'/>
<KeyWord name='NO-LOCK'/>
<KeyWord name='NO-ERROR'/>
<KeyWord name='EXCLUSIVE-LOCK'/>
<KeyWord name='SHARE-LOCK'/>
<KeyWord name='ON'/>
<KeyWord name='USE-INDEX'/>
<KeyWord name='NOT'/>
</AutoComplete>
</NotepadPlus>